doctor_id,full_name,gender,specialization,qualification,years_of_experience,hospital_id,contact_number,email,consultation_fee_inr
DOC0001,Dr. William Stanton,Male,Endocrinologist,"MBBS, DNB",4,HOS0020,+91-2326793814,william.stanton1@yahoo.com,600
DOC0002,Dr. Diana Adams,Female,Hematologist,"MBBS, MS",28,HOS0025,+91-4437323324,diana.adams2@hotmail.com,1000
DOC0003,Dr. Chelsea Brown,Female,Pulmonologist,"MBBS, MS, MCh",2,HOS0071,+91-4388317010,chelsea.brown3@yahoo.com,600
DOC0004,Dr. Stephen Hall,Male,Oncologist,"MBBS, MD, DM",4,HOS0079,+91-7504310399,stephen.hall4@gmail.com,500
DOC0005,Dr. Tara Watson,Female,Cardiologist,"MBBS, MS, MCh",32,HOS0017,+91-2794019953,tara.watson5@gmail.com,500
DOC0006,Dr. Jackie Thomas,Female,Gastroenterologist,"MBBS, MS",27,HOS0039,+91-3409305652,jackie.thomas6@hotmail.com,800
DOC0007,Dr. Emily Harris,Female,Ophthalmologist,"MBBS, MS",26,HOS0062,+91-7871616828,emily.harris7@gmail.com,2000
DOC0008,Dr. Marissa Sanders,Female,Dermatologist,"MBBS, DNB",8,HOS0021,+91-4644604956,marissa.sanders8@yahoo.com,400
DOC0009,Dr. Albert Wang,Male,Rheumatologist,"MBBS, MS, MCh",33,HOS0029,+91-5366306261,albert.wang9@gmail.com,1500
DOC0010,Dr. Jennifer Andrade,Female,Oncologist,"MBBS, MD",29,HOS0071,+91-7220082619,jennifer.andrade10@hotmail.com,600
DOC0011,Dr. Timothy Mclaughlin,Male,Dermatologist,"MBBS, MS",6,HOS0072,+91-2254282116,timothy.mclaughlin11@yahoo.com,400
DOC0012,Dr. Nicole Conner,Female,Nephrologist,"MBBS, MS",16,HOS0073,+91-3420750961,nicole.conner12@hotmail.com,600
DOC0013,Dr. Manuel Summers,Male,Pulmonologist,"MBBS, MD, DM",27,HOS0096,+91-2396937293,manuel.summers13@gmail.com,2000
DOC0014,Dr. James Holmes,Male,Psychiatrist,"MBBS, MS",25,HOS0097,+91-6512330805,james.holmes14@gmail.com,300
DOC0015,Dr. Jean Bryant,Female,Infectious Disease Specialist,"MBBS, MS",18,HOS0017,+91-4649366578,jean.bryant15@yahoo.com,2000
DOC0016,Dr. Christopher Smith,Male,Psychiatrist,"MBBS, MD",6,HOS0050,+91-7737972761,christopher.smith16@gmail.com,1200
DOC0017,Dr. Betty Jordan,Female,Endocrinologist,MBBS,28,HOS0017,+91-1788002158,betty.jordan17@gmail.com,300
DOC0018,Dr. Amy Gordon,Female,Infectious Disease Specialist,"MBBS, MD, DM",31,HOS0001,+91-6201913274,amy.gordon18@gmail.com,400
DOC0019,Dr. Melissa Griffith,Female,Urologist,"MBBS, MD, DM",34,HOS0032,+91-3159425947,melissa.griffith19@gmail.com,400
DOC0020,Dr. David Brandt,Male,Pediatrician,"MBBS, MS, MCh",10,HOS0088,+91-7394983550,david.brandt20@gmail.com,400
DOC0021,Dr. Catherine Martin,Female,Gynecologist,MBBS,6,HOS0001,+91-4562418057,catherine.martin21@hotmail.com,500
DOC0022,Dr. Joseph Barker,Male,Endocrinologist,"MBBS, MD",3,HOS0081,+91-1486546592,joseph.barker22@yahoo.com,800
DOC0023,Dr. Erin Miller,Female,Orthopedic Surgeon,MBBS,8,HOS0039,+91-3290484495,erin.miller23@hotmail.com,2000
DOC0024,Dr. Aaron Johnson,Male,Psychiatrist,"MBBS, MD",25,HOS0077,+91-2496685027,aaron.johnson24@gmail.com,300
DOC0025,Dr. Lonnie Williams,Male,Endocrinologist,"MBBS, MD, DM",35,HOS0036,+91-0095418583,lonnie.williams25@yahoo.com,1000
DOC0026,Dr. Kevin Chapman,Male,Hematologist,"MBBS, MD",31,HOS0071,+91-3597220327,kevin.chapman26@gmail.com,600
DOC0027,Dr. Arthur Thomas,Male,Endocrinologist,MBBS,27,HOS0003,+91-4640085997,arthur.thomas27@hotmail.com,600
DOC0028,Dr. Teresa Quinn,Female,Neurologist,"MBBS, MS",27,HOS0030,+91-3200080623,teresa.quinn28@gmail.com,1200
DOC0029,Dr. Amy Maxwell,Female,Rheumatologist,MBBS,15,HOS0090,+91-0983263898,amy.maxwell29@hotmail.com,1000
DOC0030,Dr. Margaret Li,Female,Pulmonologist,"MBBS, MD",24,HOS0001,+91-2841407806,margaret.li30@yahoo.com,800
DOC0031,Dr. Patrick Marshall,Male,Rheumatologist,"MBBS, MD",14,HOS0040,+91-7231430154,patrick.marshall31@hotmail.com,600
DOC0032,Dr. Anthony Fields,Male,Ophthalmologist,"MBBS, MS",30,HOS0098,+91-6844318024,anthony.fields32@gmail.com,800
DOC0033,Dr. Ryan Harris,Male,Surgeon,"MBBS, MD",32,HOS0029,+91-2536593687,ryan.harris33@yahoo.com,1500
DOC0034,Dr. Sara Wolfe,Female,Surgeon,"MBBS, MD",4,HOS0051,+91-0639436991,sara.wolfe34@hotmail.com,300
DOC0035,Dr. Thomas Thomas,Male,Surgeon,"MBBS, MD",2,HOS0054,+91-0119252000,thomas.thomas35@gmail.com,300
DOC0036,Dr. Michael Walters,Male,Pulmonologist,"MBBS, MD, DM",12,HOS0092,+91-1019538161,michael.walters36@gmail.com,1000
DOC0037,Dr. Daniel Rodriguez,Male,Dermatologist,"MBBS, MS",6,HOS0025,+91-0147121345,daniel.rodriguez37@yahoo.com,500
DOC0038,Dr. Jessica Smith,Female,Endocrinologist,"MBBS, DNB",3,HOS0093,+91-4405598749,jessica.smith38@hotmail.com,1200
DOC0039,Dr. Amanda Gutierrez,Female,Urologist,"MBBS, MD",22,HOS0014,+91-6815708931,amanda.gutierrez39@hotmail.com,300
DOC0040,Dr. Robert Jackson,Male,Neurologist,"MBBS, MS",18,HOS0054,+91-0834005717,robert.jackson40@hotmail.com,400
DOC0041,Dr. Robert Lopez,Male,Nephrologist,"MBBS, MS",25,HOS0056,+91-7958492433,robert.lopez41@yahoo.com,400
DOC0042,Dr. Christopher Mcmillan,Male,ENT Specialist,"MBBS, MS",31,HOS0070,+91-1781551661,christopher.mcmillan42@yahoo.com,1500
DOC0043,Dr. Stephen Johnson,Male,Nephrologist,"MBBS, DNB",21,HOS0061,+91-3446882637,stephen.johnson43@gmail.com,300
DOC0044,Dr. Kim Webster,Female,Pulmonologist,MBBS,16,HOS0049,+91-9059582785,kim.webster44@gmail.com,300
DOC0045,Dr. Julie Norris,Female,Cardiologist,"MBBS, MS",5,HOS0025,+91-4932573834,julie.norris45@yahoo.com,400
DOC0046,Dr. Nicole Serrano,Female,Psychiatrist,"MBBS, MS",24,HOS0079,+91-9223598523,nicole.serrano46@yahoo.com,300
DOC0047,Dr. Tina Green,Female,Psychiatrist,"MBBS, MS",21,HOS0001,+91-1213622446,tina.green47@yahoo.com,400
DOC0048,Dr. Craig Little,Male,Orthopedic Surgeon,"MBBS, MD, DM",15,HOS0092,+91-1436700663,craig.little48@hotmail.com,1500
DOC0049,Dr. Veronica Phillips,Female,Oncologist,"MBBS, MD, DM",17,HOS0017,+91-0249603699,veronica.phillips49@hotmail.com,1500
DOC0050,Dr. Matthew Singleton,Male,Endocrinologist,"MBBS, DNB",1,HOS0099,+91-9321765416,matthew.singleton50@gmail.com,500
DOC0051,Dr. Richard Marquez,Male,Gastroenterologist,"MBBS, MD, DM",21,HOS0047,+91-2467709682,richard.marquez51@hotmail.com,400
DOC0052,Dr. Garrett Smith,Male,Dermatologist,"MBBS, MD",26,HOS0053,+91-7104832385,garrett.smith52@gmail.com,400
DOC0053,Dr. Ryan Bryant,Male,Gynecologist,"MBBS, MS, MCh",31,HOS0042,+91-3780585673,ryan.bryant53@hotmail.com,500
DOC0054,Dr. Catherine Palmer,Female,Neurologist,"MBBS, MS",7,HOS0080,+91-1950446600,catherine.palmer54@gmail.com,400
DOC0055,Dr. Jason Fisher,Male,Oncologist,"MBBS, MD, DM",7,HOS0091,+91-5941346836,jason.fisher55@yahoo.com,1500
DOC0056,Dr. Daniel Anderson,Male,Pediatrician,"MBBS, MD, DM",15,HOS0059,+91-1378325674,daniel.anderson56@hotmail.com,600
DOC0057,Dr. Matthew Chan,Male,Endocrinologist,"MBBS, MS",19,HOS0073,+91-7534646270,matthew.chan57@hotmail.com,800
DOC0058,Dr. Rebecca Howard,Female,Psychiatrist,"MBBS, MD",17,HOS0057,+91-4577691524,rebecca.howard58@yahoo.com,600
DOC0059,Dr. Anthony Carey,Male,Ophthalmologist,"MBBS, MD",16,HOS0037,+91-5285900314,anthony.carey59@yahoo.com,600
DOC0060,Dr. Lisa Lane,Female,Pulmonologist,"MBBS, MS",5,HOS0032,+91-3275236829,lisa.lane60@hotmail.com,2000
DOC0061,Dr. Lee Harrington,Male,Urologist,MBBS,7,HOS0014,+91-8437381718,lee.harrington61@gmail.com,300
DOC0062,Dr. Deborah Young,Female,Urologist,"MBBS, MS",15,HOS0006,+91-2778077273,deborah.young62@yahoo.com,800
DOC0063,Dr. Christopher Greene,Male,Cardiologist,"MBBS, MD",8,HOS0077,+91-0257974756,christopher.greene63@yahoo.com,600
DOC0064,Dr. Zachary Lowe,Male,Hematologist,"MBBS, MD",24,HOS0058,+91-2500905187,zachary.lowe64@yahoo.com,800
DOC0065,Dr. Peter Thomas,Male,Surgeon,"MBBS, DNB",7,HOS0080,+91-3625155788,peter.thomas65@gmail.com,1000
DOC0066,Dr. Duane Peterson,Male,Nephrologist,"MBBS, MS",3,HOS0019,+91-4804457658,duane.peterson66@yahoo.com,300
DOC0067,Dr. Shane Cooper,Male,Cardiologist,"MBBS, MS, MCh",17,HOS0094,+91-3715354291,shane.cooper67@gmail.com,600
DOC0068,Dr. James Spencer,Male,Oncologist,"MBBS, DNB",21,HOS0048,+91-6890641003,james.spencer68@yahoo.com,500
DOC0069,Dr. Lisa Barrett,Female,ENT Specialist,MBBS,5,HOS0064,+91-8896929130,lisa.barrett69@hotmail.com,2000
DOC0070,Dr. Madeline Garrett,Female,Oncologist,MBBS,5,HOS0051,+91-2120610524,madeline.garrett70@hotmail.com,2000
DOC0071,Dr. Michael Huffman,Male,Neurologist,"MBBS, DNB",35,HOS0021,+91-2605069907,michael.huffman71@hotmail.com,1200
DOC0072,Dr. Kelly Summers,Female,Endocrinologist,"MBBS, DNB",27,HOS0040,+91-6967106992,kelly.summers72@yahoo.com,1200
DOC0073,Dr. Randy Dunn,Male,Infectious Disease Specialist,"MBBS, MS",20,HOS0054,+91-1732060011,randy.dunn73@gmail.com,1200
DOC0074,Dr. Sean Anderson,Male,ENT Specialist,"MBBS, MD, DM",24,HOS0094,+91-0493720521,sean.anderson74@yahoo.com,1200
DOC0075,Dr. Mark Fletcher,Male,Oncologist,"MBBS, MD",1,HOS0055,+91-7400000916,mark.fletcher75@yahoo.com,400
DOC0076,Dr. Erik Greene,Male,Infectious Disease Specialist,"MBBS, MS",26,HOS0059,+91-7905597722,erik.greene76@gmail.com,500
DOC0077,Dr. Jack Newman,Male,Cardiologist,"MBBS, MS, MCh",1,HOS0019,+91-6767495440,jack.newman77@hotmail.com,1200
DOC0078,Dr. William Warner,Male,Hematologist,"MBBS, MD",24,HOS0019,+91-9590294963,william.warner78@yahoo.com,1000
DOC0079,Dr. Jasmine Bennett,Female,Hematologist,"MBBS, MD",11,HOS0009,+91-3740544629,jasmine.bennett79@gmail.com,400
DOC0080,Dr. Donna Taylor,Female,ENT Specialist,"MBBS, MS",32,HOS0017,+91-9248758188,donna.taylor80@yahoo.com,300
DOC0081,Dr. Rebecca Gonzalez,Female,Cardiologist,"MBBS, MS, MCh",21,HOS0082,+91-3490673490,rebecca.gonzalez81@yahoo.com,1200
DOC0082,Dr. Joe Miller,Male,Ophthalmologist,"MBBS, MS, MCh",11,HOS0052,+91-5136984857,joe.miller82@hotmail.com,600
DOC0083,Dr. Leah Lopez,Female,Infectious Disease Specialist,"MBBS, MD",12,HOS0006,+91-3124599568,leah.lopez83@gmail.com,1200
DOC0084,Dr. David Livingston,Male,Nephrologist,MBBS,25,HOS0020,+91-7515712590,david.livingston84@yahoo.com,600
DOC0085,Dr. Douglas Lawson,Male,Gynecologist,"MBBS, DNB",3,HOS0005,+91-1039799344,douglas.lawson85@yahoo.com,1000
DOC0086,Dr. Brent Griffin,Male,Surgeon,"MBBS, MD, DM",25,HOS0071,+91-9924053261,brent.griffin86@gmail.com,800
DOC0087,Dr. Amber Grant,Female,Infectious Disease Specialist,"MBBS, MD",20,HOS0055,+91-7719611459,amber.grant87@gmail.com,1200
DOC0088,Dr. Margaret Huber,Female,Hematologist,"MBBS, MD, DM",29,HOS0023,+91-8627253320,margaret.huber88@yahoo.com,300
DOC0089,Dr. Todd Brown,Male,Urologist,"MBBS, MD",32,HOS0058,+91-8004870125,todd.brown89@gmail.com,1500
DOC0090,Dr. Todd Rhodes,Male,Pulmonologist,MBBS,31,HOS0009,+91-4997175546,todd.rhodes90@gmail.com,500
DOC0091,Dr. Jaime Gray,Female,Nephrologist,MBBS,28,HOS0057,+91-7320730231,jaime.gray91@hotmail.com,2000
DOC0092,Dr. Sean Oneal,Male,Pediatrician,MBBS,3,HOS0094,+91-2716017553,sean.oneal92@yahoo.com,1000
DOC0093,Dr. Brian Diaz,Male,Hematologist,"MBBS, MD, DM",4,HOS0084,+91-5302782724,brian.diaz93@yahoo.com,500
DOC0094,Dr. Jason Moore,Male,Surgeon,"MBBS, DNB",5,HOS0089,+91-4945247157,jason.moore94@yahoo.com,400
DOC0095,Dr. Brian Irwin,Male,Rheumatologist,"MBBS, MS",9,HOS0022,+91-0387414356,brian.irwin95@yahoo.com,600
DOC0096,Dr. Zachary Buckley,Male,Surgeon,"MBBS, MS",23,HOS0021,+91-1646204207,zachary.buckley96@hotmail.com,1000
DOC0097,Dr. Glenda Taylor,Female,Pediatrician,"MBBS, MS",30,HOS0065,+91-0842560634,glenda.taylor97@hotmail.com,1500
DOC0098,Dr. Christopher Bridges,Male,Surgeon,"MBBS, MS, MCh",17,HOS0031,+91-8323911974,christopher.bridges98@gmail.com,1000
DOC0099,Dr. Christine Salazar,Female,ENT Specialist,"MBBS, MD",3,HOS0052,+91-3943018608,christine.salazar99@yahoo.com,500
DOC0100,Dr. Frances Wilkinson,Female,Pulmonologist,"MBBS, MD",21,HOS0034,+91-7106724329,frances.wilkinson100@yahoo.com,400
DOC0101,Dr. Andrew Park,Male,Urologist,"MBBS, MS, MCh",24,HOS0067,+91-9905878115,andrew.park101@hotmail.com,400
DOC0102,Dr. Dana Greer,Female,Pulmonologist,"MBBS, DNB",35,HOS0048,+91-5690417780,dana.greer102@hotmail.com,800
DOC0103,Dr. Regina Taylor,Female,Infectious Disease Specialist,"MBBS, MD",24,HOS0047,+91-3139221448,regina.taylor103@gmail.com,1000
DOC0104,Dr. Alec House,Male,Ophthalmologist,"MBBS, MD",29,HOS0079,+91-3409978371,alec.house104@yahoo.com,300
DOC0105,Dr. Sheila Love,Female,Psychiatrist,"MBBS, MS",34,HOS0082,+91-0417798411,sheila.love105@gmail.com,1000
DOC0106,Dr. Jared Taylor,Male,Ophthalmologist,"MBBS, MD",3,HOS0038,+91-9332976206,jared.taylor106@hotmail.com,1200
DOC0107,Dr. Jennifer Franco,Female,Nephrologist,MBBS,33,HOS0017,+91-8060556356,jennifer.franco107@hotmail.com,1500
DOC0108,Dr. Robert Durham,Male,General Physician,MBBS,3,HOS0001,+91-6805825360,robert.durham108@yahoo.com,1000
DOC0109,Dr. Ashley Lopez,Female,Hematologist,"MBBS, MS",7,HOS0069,+91-5638032667,ashley.lopez109@hotmail.com,600
DOC0110,Dr. Amber Baird,Female,Infectious Disease Specialist,"MBBS, MD",20,HOS0027,+91-0094948091,amber.baird110@yahoo.com,1000
DOC0111,Dr. Barbara Smith,Female,Pediatrician,MBBS,11,HOS0032,+91-3041452109,barbara.smith111@hotmail.com,500
DOC0112,Dr. Stephanie Miller,Female,Neurologist,"MBBS, DNB",7,HOS0019,+91-9827182469,stephanie.miller112@yahoo.com,800
DOC0113,Dr. Denise Fitzgerald,Female,General Physician,MBBS,17,HOS0083,+91-8479936385,denise.fitzgerald113@yahoo.com,2000
DOC0114,Dr. Stephanie Torres,Female,Surgeon,"MBBS, MS, MCh",29,HOS0094,+91-7740353388,stephanie.torres114@yahoo.com,1500
DOC0115,Dr. Wayne Sanders,Male,General Physician,MBBS,11,HOS0008,+91-5235857443,wayne.sanders115@yahoo.com,2000
DOC0116,Dr. Anthony Johnson,Male,Dermatologist,"MBBS, MD",26,HOS0021,+91-8195708675,anthony.johnson116@hotmail.com,300
DOC0117,Dr. Phillip Meyer,Male,Surgeon,"MBBS, MS, MCh",1,HOS0085,+91-2655239948,phillip.meyer117@gmail.com,600
DOC0118,Dr. Parker Paul,Male,ENT Specialist,"MBBS, MS, MCh",27,HOS0078,+91-7426106891,parker.paul118@yahoo.com,2000
DOC0119,Dr. Jennifer Haney,Female,Hematologist,"MBBS, MS",12,HOS0009,+91-2649916774,jennifer.haney119@hotmail.com,800
DOC0120,Dr. Harold Gomez,Male,Gynecologist,MBBS,31,HOS0049,+91-8896507674,harold.gomez120@gmail.com,1200
DOC0121,Dr. Kimberly Pratt,Female,Urologist,"MBBS, MD",6,HOS0029,+91-6969315593,kimberly.pratt121@yahoo.com,400
DOC0122,Dr. Christine Simmons,Female,Cardiologist,MBBS,15,HOS0043,+91-0004974848,christine.simmons122@hotmail.com,800
DOC0123,Dr. Zachary Holmes,Male,Gynecologist,"MBBS, DNB",18,HOS0056,+91-8667509570,zachary.holmes123@hotmail.com,2000
DOC0124,Dr. Andrea Perez,Female,ENT Specialist,MBBS,19,HOS0065,+91-6586892367,andrea.perez124@yahoo.com,300
DOC0125,Dr. Jeremiah Weber,Male,Ophthalmologist,"MBBS, DNB",17,HOS0026,+91-9581255514,jeremiah.weber125@hotmail.com,500
DOC0126,Dr. Casey Rios,Female,Pulmonologist,"MBBS, MS",13,HOS0077,+91-4586284838,casey.rios126@gmail.com,600
DOC0127,Dr. Jennifer Brown,Female,Rheumatologist,"MBBS, MD, DM",35,HOS0068,+91-9915906004,jennifer.brown127@hotmail.com,300
DOC0128,Dr. Michael Smith,Male,Ophthalmologist,"MBBS, MS, MCh",28,HOS0040,+91-4619003278,michael.smith128@hotmail.com,600
DOC0129,Dr. Deborah Lucas,Female,Infectious Disease Specialist,"MBBS, MD",5,HOS0019,+91-8829369122,deborah.lucas129@hotmail.com,300
DOC0130,Dr. Peter Rodriguez,Male,Orthopedic Surgeon,"MBBS, MS, MCh",8,HOS0021,+91-1128779600,peter.rodriguez130@hotmail.com,1000
DOC0131,Dr. Randy Morris,Male,General Physician,MBBS,2,HOS0018,+91-3542041915,randy.morris131@gmail.com,300
DOC0132,Dr. Jerry Cruz,Male,Neurologist,"MBBS, MS, MCh",3,HOS0098,+91-0369070933,jerry.cruz132@gmail.com,1000
DOC0133,Dr. Andrew Galvan,Male,Neurologist,"MBBS, DNB",35,HOS0050,+91-2507469471,andrew.galvan133@gmail.com,400
DOC0134,Dr. Michael Leonard,Male,ENT Specialist,MBBS,14,HOS0005,+91-9364670312,michael.leonard134@gmail.com,300
DOC0135,Dr. Ian Lopez,Male,Rheumatologist,MBBS,19,HOS0017,+91-4685158656,ian.lopez135@hotmail.com,400
DOC0136,Dr. Austin Martinez,Male,Gastroenterologist,"MBBS, MS",19,HOS0055,+91-5836374536,austin.martinez136@gmail.com,800
DOC0137,Dr. Douglas Johnson,Male,Psychiatrist,"MBBS, MS",23,HOS0007,+91-2321348287,douglas.johnson137@yahoo.com,1000
DOC0138,Dr. Sara Ballard,Female,Rheumatologist,"MBBS, MS",33,HOS0080,+91-2553669347,sara.ballard138@hotmail.com,300
DOC0139,Dr. Christine Garrison,Female,Oncologist,"MBBS, MS, MCh",2,HOS0099,+91-2497958369,christine.garrison139@hotmail.com,400
DOC0140,Dr. Christy Brennan,Female,Cardiologist,"MBBS, MS, MCh",31,HOS0073,+91-1818460924,christy.brennan140@gmail.com,600
DOC0141,Dr. James Miller,Male,Dermatologist,"MBBS, MD, DM",19,HOS0001,+91-2353118584,james.miller141@gmail.com,2000
DOC0142,Dr. Austin Collins,Male,Cardiologist,MBBS,19,HOS0045,+91-3426456724,austin.collins142@gmail.com,1500
DOC0143,Dr. Allen Frazier,Male,Dermatologist,"MBBS, MD, DM",32,HOS0076,+91-5607365124,allen.frazier143@gmail.com,1000
DOC0144,Dr. Denise Lynch,Female,Endocrinologist,"MBBS, MD",11,HOS0090,+91-3060926342,denise.lynch144@yahoo.com,600
DOC0145,Dr. Nancy Tran,Female,Orthopedic Surgeon,"MBBS, DNB",11,HOS0099,+91-2939784695,nancy.tran145@gmail.com,400
DOC0146,Dr. Ashley Gallagher,Female,Gastroenterologist,"MBBS, MS",7,HOS0013,+91-4099031053,ashley.gallagher146@yahoo.com,1200
DOC0147,Dr. Nicole Miller,Female,Oncologist,"MBBS, DNB",6,HOS0004,+91-6934815675,nicole.miller147@hotmail.com,1000
DOC0148,Dr. Jonathan Barker,Male,Psychiatrist,"MBBS, MD, DM",20,HOS0070,+91-7803682730,jonathan.barker148@hotmail.com,2000
DOC0149,Dr. Roger Hansen,Male,Ophthalmologist,"MBBS, MD, DM",25,HOS0017,+91-2823843025,roger.hansen149@yahoo.com,2000
DOC0150,Dr. Jason Harris,Male,Infectious Disease Specialist,"MBBS, MS",23,HOS0067,+91-4227733087,jason.harris150@gmail.com,500
DOC0151,Dr. Taylor Bell,Female,Dermatologist,"MBBS, MD, DM",21,HOS0057,+91-4229935186,taylor.bell151@gmail.com,800
DOC0152,Dr. Michael Moore,Male,Gastroenterologist,"MBBS, MD, DM",9,HOS0083,+91-7631405730,michael.moore152@gmail.com,600
DOC0153,Dr. Steven Torres,Male,Endocrinologist,"MBBS, DNB",18,HOS0080,+91-1471257795,steven.torres153@yahoo.com,500
DOC0154,Dr. Christopher Jones,Male,Gastroenterologist,"MBBS, MS, MCh",16,HOS0067,+91-0771594176,christopher.jones154@yahoo.com,1000
DOC0155,Dr. Colton Daniels,Male,Gastroenterologist,"MBBS, MD",16,HOS0034,+91-0514943120,colton.daniels155@gmail.com,400
DOC0156,Dr. Raymond Franco,Male,ENT Specialist,"MBBS, MD, DM",7,HOS0020,+91-4528214956,raymond.franco156@gmail.com,500
DOC0157,Dr. Maria Kelly,Female,Oncologist,"MBBS, MS",20,HOS0026,+91-3528543001,maria.kelly157@hotmail.com,400
DOC0158,Dr. Robert Morse,Male,ENT Specialist,"MBBS, MD, DM",18,HOS0060,+91-6037672499,robert.morse158@hotmail.com,300
DOC0159,Dr. Bobby Watts,Male,Oncologist,"MBBS, DNB",26,HOS0029,+91-2276107733,bobby.watts159@hotmail.com,2000
DOC0160,Dr. Jacqueline Johnson,Female,General Physician,"MBBS, MD",30,HOS0033,+91-9862410865,jacqueline.johnson160@gmail.com,1200
DOC0161,Dr. Jeffrey Wade,Male,Oncologist,"MBBS, DNB",16,HOS0074,+91-2264079593,jeffrey.wade161@yahoo.com,1200
DOC0162,Dr. Bradley Morris,Male,Dermatologist,"MBBS, DNB",15,HOS0016,+91-7682699105,bradley.morris162@hotmail.com,1500
DOC0163,Dr. Mary Cunningham,Female,Psychiatrist,"MBBS, DNB",21,HOS0090,+91-6572458033,mary.cunningham163@hotmail.com,400
DOC0164,Dr. Nancy Vazquez,Female,Pulmonologist,"MBBS, DNB",16,HOS0092,+91-2958965839,nancy.vazquez164@yahoo.com,500
DOC0165,Dr. Jennifer Wilson,Female,Rheumatologist,"MBBS, MD, DM",28,HOS0003,+91-2381341384,jennifer.wilson165@hotmail.com,1200
DOC0166,Dr. John Spencer,Male,General Physician,"MBBS, MD, DM",21,HOS0063,+91-3891899161,john.spencer166@yahoo.com,400
DOC0167,Dr. Chad Gordon,Male,Gynecologist,"MBBS, MD",17,HOS0021,+91-8181768239,chad.gordon167@yahoo.com,600
DOC0168,Dr. Patricia Taylor,Female,Infectious Disease Specialist,"MBBS, MD, DM",7,HOS0070,+91-9063050093,patricia.taylor168@yahoo.com,600
DOC0169,Dr. Elizabeth Zimmerman,Female,General Physician,"MBBS, DNB",33,HOS0048,+91-6193915255,elizabeth.zimmerman169@hotmail.com,2000
DOC0170,Dr. Melanie Petersen,Female,Urologist,"MBBS, MD",27,HOS0088,+91-1358857095,melanie.petersen170@gmail.com,500
DOC0171,Dr. Heather Murphy,Female,Orthopedic Surgeon,"MBBS, DNB",33,HOS0079,+91-9103453709,heather.murphy171@yahoo.com,1000
DOC0172,Dr. Brian Smith,Male,Psychiatrist,"MBBS, MD, DM",17,HOS0052,+91-1142284629,brian.smith172@yahoo.com,300
DOC0173,Dr. Joshua Norris,Male,Oncologist,"MBBS, MD, DM",5,HOS0081,+91-4700527870,joshua.norris173@gmail.com,1000
DOC0174,Dr. Angela Oliver,Female,Ophthalmologist,"MBBS, MS",7,HOS0095,+91-9672763981,angela.oliver174@yahoo.com,1200
DOC0175,Dr. Gary Robinson,Male,Urologist,"MBBS, MD",26,HOS0022,+91-2990325759,gary.robinson175@yahoo.com,500
DOC0176,Dr. James Gomez,Male,Rheumatologist,"MBBS, DNB",13,HOS0072,+91-0597530379,james.gomez176@gmail.com,600
DOC0177,Dr. Mark Acosta,Male,Oncologist,"MBBS, MD, DM",23,HOS0038,+91-2464184599,mark.acosta177@hotmail.com,2000
DOC0178,Dr. Kevin Taylor,Male,Nephrologist,"MBBS, MD",31,HOS0035,+91-0813691543,kevin.taylor178@gmail.com,1200
DOC0179,Dr. Melanie Torres,Female,Dermatologist,"MBBS, MD, DM",28,HOS0001,+91-5583586505,melanie.torres179@hotmail.com,800
DOC0180,Dr. Erica Mcneil,Female,Endocrinologist,"MBBS, MS",16,HOS0062,+91-7853352230,erica.mcneil180@hotmail.com,1500
DOC0181,Dr. Jody Griffin,Female,Nephrologist,"MBBS, MD",6,HOS0039,+91-9429124449,jody.griffin181@hotmail.com,1200
DOC0182,Dr. Matthew Church,Male,Infectious Disease Specialist,"MBBS, MS",6,HOS0018,+91-1391924957,matthew.church182@yahoo.com,2000
DOC0183,Dr. Tracy Vaughn,Female,General Physician,"MBBS, MD",1,HOS0010,+91-1752448024,tracy.vaughn183@gmail.com,800
DOC0184,Dr. Michele Robinson,Female,Infectious Disease Specialist,"MBBS, MD",7,HOS0030,+91-6739481330,michele.robinson184@gmail.com,500
DOC0185,Dr. Lindsay Miller,Female,Pediatrician,"MBBS, MD",23,HOS0052,+91-9520348050,lindsay.miller185@gmail.com,2000
DOC0186,Dr. Frank Parrish,Male,Gynecologist,"MBBS, DNB",6,HOS0039,+91-0769520601,frank.parrish186@hotmail.com,600
DOC0187,Dr. Lisa Parsons,Female,Hematologist,MBBS,14,HOS0095,+91-9647005950,lisa.parsons187@yahoo.com,1500
DOC0188,Dr. Louis Ramsey,Male,Psychiatrist,"MBBS, MD, DM",8,HOS0030,+91-5210232815,louis.ramsey188@yahoo.com,500
DOC0189,Dr. Jenny Ryan,Female,Gynecologist,MBBS,32,HOS0062,+91-9829953947,jenny.ryan189@gmail.com,1500
DOC0190,Dr. Ricardo Parker,Male,Ophthalmologist,"MBBS, MD, DM",32,HOS0022,+91-8784588424,ricardo.parker190@gmail.com,2000
DOC0191,Dr. Justin Garcia,Male,Gastroenterologist,"MBBS, MD, DM",11,HOS0090,+91-5236109210,justin.garcia191@hotmail.com,1500
DOC0192,Dr. Kathryn Peters,Female,Nephrologist,"MBBS, MD, DM",30,HOS0054,+91-2495222805,kathryn.peters192@hotmail.com,400
DOC0193,Dr. David Haas,Male,General Physician,MBBS,24,HOS0079,+91-7356735010,david.haas193@gmail.com,300
DOC0194,Dr. Renee Mcintyre,Female,Hematologist,"MBBS, MD, DM",7,HOS0063,+91-5039666304,renee.mcintyre194@gmail.com,500
DOC0195,Dr. Dennis Hamilton,Male,Oncologist,"MBBS, DNB",14,HOS0017,+91-3535644739,dennis.hamilton195@gmail.com,1000
DOC0196,Dr. John Peck,Male,Gastroenterologist,"MBBS, MD, DM",24,HOS0100,+91-4244150732,john.peck196@yahoo.com,2000
DOC0197,Dr. Michael Harper,Male,Oncologist,"MBBS, MS",19,HOS0055,+91-7390350726,michael.harper197@gmail.com,800
DOC0198,Dr. Zachary Evans,Male,Endocrinologist,"MBBS, MS",19,HOS0064,+91-0120242851,zachary.evans198@gmail.com,1200
DOC0199,Dr. Julie Sanders,Female,Psychiatrist,"MBBS, MS, MCh",33,HOS0045,+91-6565093300,julie.sanders199@gmail.com,600
DOC0200,Dr. Kathy Hall,Female,Gastroenterologist,"MBBS, MD",8,HOS0041,+91-6100511172,kathy.hall200@hotmail.com,800
DOC0201,Dr. Jeffrey White,Male,Cardiologist,"MBBS, MD, DM",6,HOS0093,+91-8288185715,jeffrey.white201@gmail.com,2000
DOC0202,Dr. Sarah Stanton,Female,Infectious Disease Specialist,MBBS,35,HOS0052,+91-3142044103,sarah.stanton202@hotmail.com,800
DOC0203,Dr. Anthony Clarke,Male,Cardiologist,"MBBS, MD",1,HOS0061,+91-5405078485,anthony.clarke203@hotmail.com,300
DOC0204,Dr. Jennifer Holder,Female,Surgeon,"MBBS, DNB",10,HOS0011,+91-4665866266,jennifer.holder204@yahoo.com,600
DOC0205,Dr. Robert Villanueva,Male,Dermatologist,MBBS,30,HOS0085,+91-0398496331,robert.villanueva205@gmail.com,500
DOC0206,Dr. Ryan Bowers,Male,Orthopedic Surgeon,"MBBS, DNB",27,HOS0002,+91-0685785790,ryan.bowers206@yahoo.com,1000
DOC0207,Dr. Paul Castaneda,Male,Gynecologist,"MBBS, DNB",20,HOS0034,+91-8598636516,paul.castaneda207@hotmail.com,800
DOC0208,Dr. Derek Keller,Male,Cardiologist,"MBBS, MS",27,HOS0003,+91-5183944758,derek.keller208@hotmail.com,1200
DOC0209,Dr. John Walker,Male,Infectious Disease Specialist,"MBBS, MS, MCh",32,HOS0006,+91-2185838253,john.walker209@hotmail.com,400
DOC0210,Dr. Carrie Short,Female,Urologist,MBBS,26,HOS0002,+91-7205656162,carrie.short210@hotmail.com,1200
DOC0211,Dr. David Garcia,Male,Oncologist,"MBBS, MS, MCh",31,HOS0014,+91-5884714647,david.garcia211@hotmail.com,400
DOC0212,Dr. Ashley Walters,Female,Pediatrician,"MBBS, DNB",14,HOS0002,+91-2820257839,ashley.walters212@yahoo.com,1200
DOC0213,Dr. Joseph Solis,Male,Orthopedic Surgeon,MBBS,1,HOS0028,+91-4083094092,joseph.solis213@yahoo.com,400
DOC0214,Dr. Nathan Hill,Male,General Physician,"MBBS, MS",31,HOS0093,+91-5434718713,nathan.hill214@gmail.com,600
DOC0215,Dr. Jenny Sparks,Female,Cardiologist,"MBBS, MS",12,HOS0100,+91-9507650466,jenny.sparks215@hotmail.com,500
DOC0216,Dr. Lawrence Scott,Male,Gynecologist,"MBBS, DNB",19,HOS0064,+91-3692939513,lawrence.scott216@yahoo.com,1500
DOC0217,Dr. Shannon Miller,Female,Cardiologist,MBBS,4,HOS0008,+91-7668670199,shannon.miller217@yahoo.com,300
DOC0218,Dr. Timothy Haynes,Male,Endocrinologist,"MBBS, MS",25,HOS0094,+91-6672176728,timothy.haynes218@gmail.com,500
DOC0219,Dr. Meagan Yang,Female,Gastroenterologist,"MBBS, MS",4,HOS0074,+91-6804856711,meagan.yang219@gmail.com,1500
DOC0220,Dr. Sarah Duncan,Female,Pediatrician,MBBS,11,HOS0047,+91-0171397035,sarah.duncan220@yahoo.com,500
DOC0221,Dr. Sharon Pierce,Female,Pulmonologist,"MBBS, MD, DM",31,HOS0035,+91-6926025538,sharon.pierce221@gmail.com,1000
DOC0222,Dr. Charlotte Ryan,Female,Cardiologist,"MBBS, MS, MCh",18,HOS0084,+91-8415644868,charlotte.ryan222@yahoo.com,1000
DOC0223,Dr. Michael Parker,Male,Surgeon,"MBBS, MS",10,HOS0075,+91-3668443203,michael.parker223@hotmail.com,1200
DOC0224,Dr. Matthew Randolph,Male,Pulmonologist,"MBBS, DNB",25,HOS0049,+91-7925537805,matthew.randolph224@gmail.com,600
DOC0225,Dr. Kim Ortiz,Female,General Physician,"MBBS, MS",19,HOS0034,+91-9504374339,kim.ortiz225@hotmail.com,800
DOC0226,Dr. Jordan Donovan,Female,Infectious Disease Specialist,MBBS,11,HOS0037,+91-7330261021,jordan.donovan226@hotmail.com,500
DOC0227,Dr. Jonathan Smith,Male,Gynecologist,"MBBS, DNB",18,HOS0100,+91-8273438223,jonathan.smith227@hotmail.com,1500
DOC0228,Dr. Ashlee Davis,Female,Neurologist,"MBBS, MS, MCh",35,HOS0071,+91-1063476202,ashlee.davis228@gmail.com,1500
DOC0229,Dr. Caitlin Griffin,Female,Ophthalmologist,"MBBS, MS",13,HOS0078,+91-3958244583,caitlin.griffin229@gmail.com,300
DOC0230,Dr. Theresa Ortega,Female,ENT Specialist,"MBBS, MS",30,HOS0076,+91-3605624381,theresa.ortega230@gmail.com,300
DOC0231,Dr. Julie Chandler,Female,Gynecologist,MBBS,30,HOS0069,+91-6561051388,julie.chandler231@gmail.com,1000
DOC0232,Dr. Earl Bailey,Male,Pulmonologist,"MBBS, MS, MCh",15,HOS0067,+91-7137449981,earl.bailey232@gmail.com,800
DOC0233,Dr. Brenda Nelson,Female,Hematologist,"MBBS, MS, MCh",31,HOS0026,+91-3940991053,brenda.nelson233@gmail.com,600
DOC0234,Dr. Matthew Williams,Male,Neurologist,"MBBS, MD",13,HOS0090,+91-5577355214,matthew.williams234@gmail.com,800
DOC0235,Dr. Misty Gibson,Female,Pulmonologist,"MBBS, MS, MCh",23,HOS0020,+91-8129670008,misty.gibson235@hotmail.com,600
DOC0236,Dr. Brent Lucas,Male,Nephrologist,MBBS,32,HOS0048,+91-2695152521,brent.lucas236@yahoo.com,1500
DOC0237,Dr. Aaron Newman,Male,Gastroenterologist,"MBBS, MS, MCh",10,HOS0004,+91-7424113127,aaron.newman237@yahoo.com,1000
DOC0238,Dr. Kimberly Wilson,Female,Surgeon,MBBS,34,HOS0013,+91-7329808453,kimberly.wilson238@yahoo.com,300
DOC0239,Dr. Jamie Harris,Male,Infectious Disease Specialist,"MBBS, MS, MCh",32,HOS0028,+91-2388310107,jamie.harris239@hotmail.com,800
DOC0240,Dr. Laura Barker,Female,Orthopedic Surgeon,"MBBS, MD, DM",28,HOS0099,+91-3122406698,laura.barker240@gmail.com,500
DOC0241,Dr. Dorothy Zamora,Female,Gastroenterologist,"MBBS, MD",3,HOS0024,+91-1933398031,dorothy.zamora241@hotmail.com,1200
DOC0242,Dr. George Garcia,Male,Cardiologist,MBBS,2,HOS0072,+91-3924517920,george.garcia242@yahoo.com,1000
DOC0243,Dr. Teresa Jenkins,Female,Neurologist,"MBBS, MS, MCh",32,HOS0082,+91-6013282252,teresa.jenkins243@gmail.com,1200
DOC0244,Dr. Craig Robinson,Male,Psychiatrist,"MBBS, MS",6,HOS0073,+91-5107078519,craig.robinson244@hotmail.com,600
DOC0245,Dr. Arthur Delacruz,Male,Pulmonologist,"MBBS, MD",33,HOS0058,+91-0561592772,arthur.delacruz245@yahoo.com,500
DOC0246,Dr. Sandra Giles,Female,Ophthalmologist,"MBBS, MD",16,HOS0005,+91-0792668498,sandra.giles246@hotmail.com,800
DOC0247,Dr. Theresa Wilson,Female,Gynecologist,MBBS,4,HOS0007,+91-4333978379,theresa.wilson247@hotmail.com,800
DOC0248,Dr. Stacy Williams,Female,Orthopedic Surgeon,"MBBS, MD",4,HOS0041,+91-6566135964,stacy.williams248@gmail.com,300
DOC0249,Dr. Eric Munoz,Male,Infectious Disease Specialist,"MBBS, MS, MCh",20,HOS0057,+91-1766947258,eric.munoz249@gmail.com,400
DOC0250,Dr. Angela Long,Female,Nephrologist,"MBBS, MS",21,HOS0050,+91-7904514276,angela.long250@hotmail.com,400
DOC0251,Dr. Kimberly Allen,Female,Pulmonologist,"MBBS, MD",31,HOS0057,+91-3062645252,kimberly.allen251@gmail.com,600
DOC0252,Dr. Gregory Cabrera,Male,Urologist,"MBBS, DNB",1,HOS0025,+91-6475893268,gregory.cabrera252@gmail.com,300
DOC0253,Dr. Aaron Thompson,Male,Neurologist,"MBBS, MS, MCh",15,HOS0048,+91-3794518862,aaron.thompson253@yahoo.com,500
DOC0254,Dr. Mary Jones,Female,Pulmonologist,MBBS,7,HOS0081,+91-9574454680,mary.jones254@hotmail.com,400
DOC0255,Dr. Kathleen Cox,Female,Gastroenterologist,"MBBS, MD",22,HOS0062,+91-0018674829,kathleen.cox255@hotmail.com,400
DOC0256,Dr. Judy Vaughan,Female,Gastroenterologist,"MBBS, MD",10,HOS0095,+91-7204239980,judy.vaughan256@yahoo.com,300
DOC0257,Dr. Christopher Lawrence,Male,Gynecologist,"MBBS, MD",29,HOS0057,+91-4348068616,christopher.lawrence257@yahoo.com,500
DOC0258,Dr. Tonya Mckinney,Female,Oncologist,"MBBS, MD",27,HOS0020,+91-4529708523,tonya.mckinney258@hotmail.com,300
DOC0259,Dr. Rhonda Brown,Female,Gastroenterologist,"MBBS, MD",19,HOS0034,+91-4824094652,rhonda.brown259@yahoo.com,1500
DOC0260,Dr. Eric Acevedo,Male,Urologist,"MBBS, MD, DM",21,HOS0015,+91-3957614565,eric.acevedo260@yahoo.com,500
DOC0261,Dr. Ricky Kennedy,Male,Gynecologist,"MBBS, MD, DM",14,HOS0037,+91-1397862502,ricky.kennedy261@yahoo.com,400
DOC0262,Dr. Nicole Harrison,Female,Nephrologist,"MBBS, MD, DM",13,HOS0034,+91-8614656841,nicole.harrison262@yahoo.com,600
DOC0263,Dr. Jerry Smith,Male,Pulmonologist,"MBBS, MS",7,HOS0054,+91-8945954318,jerry.smith263@gmail.com,500
DOC0264,Dr. Paul Gregory,Male,Pediatrician,"MBBS, DNB",19,HOS0003,+91-6142216656,paul.gregory264@yahoo.com,1500
DOC0265,Dr. Kathryn Rogers,Female,Pediatrician,"MBBS, MD, DM",33,HOS0001,+91-2288642351,kathryn.rogers265@yahoo.com,2000
DOC0266,Dr. Andrea Smith,Female,Nephrologist,"MBBS, MD, DM",12,HOS0006,+91-9396639422,andrea.smith266@gmail.com,1200
DOC0267,Dr. Michael Webster,Male,Infectious Disease Specialist,"MBBS, MD",18,HOS0018,+91-8140642694,michael.webster267@hotmail.com,500
DOC0268,Dr. Austin Morrison,Male,ENT Specialist,"MBBS, MS, MCh",12,HOS0011,+91-8493341591,austin.morrison268@yahoo.com,400
DOC0269,Dr. Allison Holmes,Female,Dermatologist,"MBBS, MD",18,HOS0018,+91-1530727480,allison.holmes269@yahoo.com,600
DOC0270,Dr. Leslie Larson,Female,General Physician,MBBS,13,HOS0089,+91-0087173455,leslie.larson270@hotmail.com,2000
DOC0271,Dr. Laura Robinson,Female,Hematologist,"MBBS, MS",4,HOS0043,+91-3498032084,laura.robinson271@yahoo.com,800
DOC0272,Dr. Jacqueline Blevins,Female,General Physician,"MBBS, MD, DM",6,HOS0098,+91-4191668963,jacqueline.blevins272@hotmail.com,1500
DOC0273,Dr. Sean Forbes,Male,Ophthalmologist,"MBBS, MD",18,HOS0073,+91-5854179267,sean.forbes273@hotmail.com,1000
DOC0274,Dr. Spencer Williamson,Male,Nephrologist,"MBBS, MS, MCh",11,HOS0077,+91-3593162431,spencer.williamson274@hotmail.com,300
DOC0275,Dr. Stephanie Smith,Female,Urologist,"MBBS, MS, MCh",34,HOS0010,+91-3343840901,stephanie.smith275@yahoo.com,400
DOC0276,Dr. Christine Smith,Female,Gastroenterologist,"MBBS, DNB",16,HOS0049,+91-8485295541,christine.smith276@gmail.com,300
DOC0277,Dr. Nancy Vazquez,Female,Rheumatologist,"MBBS, MD, DM",7,HOS0066,+91-6071512577,nancy.vazquez277@gmail.com,300
DOC0278,Dr. Thomas Norton,Male,Ophthalmologist,MBBS,2,HOS0029,+91-7218948635,thomas.norton278@yahoo.com,500
DOC0279,Dr. Matthew Pineda,Male,Endocrinologist,"MBBS, MS",7,HOS0072,+91-3486626220,matthew.pineda279@gmail.com,300
DOC0280,Dr. Daniel Richards,Male,ENT Specialist,"MBBS, MS",7,HOS0003,+91-6001703981,daniel.richards280@yahoo.com,1500
DOC0281,Dr. George Hansen,Male,Orthopedic Surgeon,"MBBS, MS",29,HOS0013,+91-7730335611,george.hansen281@hotmail.com,500
DOC0282,Dr. Shawn Duffy,Male,Orthopedic Surgeon,"MBBS, MD, DM",18,HOS0064,+91-7799719072,shawn.duffy282@yahoo.com,2000
DOC0283,Dr. Marissa Atkins,Female,Orthopedic Surgeon,MBBS,8,HOS0052,+91-3779217961,marissa.atkins283@hotmail.com,500
DOC0284,Dr. David Hatfield,Male,Pediatrician,"MBBS, DNB",15,HOS0074,+91-3069303130,david.hatfield284@gmail.com,1500
DOC0285,Dr. Julie Morales,Female,General Physician,"MBBS, DNB",11,HOS0050,+91-3089640270,julie.morales285@yahoo.com,1200
DOC0286,Dr. Peter Garcia,Male,Cardiologist,"MBBS, MS",26,HOS0044,+91-1228298518,peter.garcia286@yahoo.com,1200
DOC0287,Dr. Thomas Smith,Male,Oncologist,"MBBS, MS, MCh",22,HOS0042,+91-0818899981,thomas.smith287@hotmail.com,1200
DOC0288,Dr. Anthony Gardner,Male,Hematologist,"MBBS, MD",21,HOS0088,+91-4760830287,anthony.gardner288@gmail.com,1000
DOC0289,Dr. Bryan Santos,Male,General Physician,"MBBS, MS",28,HOS0014,+91-3619188511,bryan.santos289@hotmail.com,2000
DOC0290,Dr. David Keith,Male,Gastroenterologist,"MBBS, MD, DM",5,HOS0026,+91-1154444279,david.keith290@hotmail.com,2000
DOC0291,Dr. William Mack,Male,Pediatrician,"MBBS, MD, DM",15,HOS0051,+91-0110193867,william.mack291@yahoo.com,1500
DOC0292,Dr. Thomas Andrews,Male,Cardiologist,"MBBS, DNB",3,HOS0080,+91-3100026029,thomas.andrews292@yahoo.com,800
DOC0293,Dr. Jessica Mccarthy,Female,Cardiologist,"MBBS, MS, MCh",35,HOS0013,+91-4450561272,jessica.mccarthy293@hotmail.com,800
DOC0294,Dr. Matthew Kennedy,Male,General Physician,"MBBS, MD, DM",34,HOS0031,+91-9543068053,matthew.kennedy294@hotmail.com,300
DOC0295,Dr. Stacey Mccall,Female,Endocrinologist,"MBBS, MS",8,HOS0083,+91-5035182105,stacey.mccall295@yahoo.com,500
DOC0296,Dr. Mark Richardson,Male,Surgeon,"MBBS, MS, MCh",4,HOS0035,+91-8172380836,mark.richardson296@hotmail.com,400
DOC0297,Dr. Melissa Ponce,Female,Pediatrician,"MBBS, MD, DM",35,HOS0016,+91-1334046129,melissa.ponce297@yahoo.com,2000
DOC0298,Dr. Lucas Jackson,Male,Oncologist,"MBBS, MS, MCh",19,HOS0037,+91-4635401349,lucas.jackson298@hotmail.com,800
DOC0299,Dr. Mason Garza,Male,Gynecologist,"MBBS, MS",6,HOS0059,+91-1916411180,mason.garza299@gmail.com,600
DOC0300,Dr. Heidi Thomas,Female,Gynecologist,"MBBS, DNB",13,HOS0047,+91-1784721446,heidi.thomas300@yahoo.com,1500
DOC0301,Dr. Melissa Thompson,Female,Rheumatologist,"MBBS, MS",31,HOS0004,+91-1755306313,melissa.thompson301@yahoo.com,600
DOC0302,Dr. Megan Ramirez,Female,ENT Specialist,"MBBS, MS, MCh",15,HOS0070,+91-0311294420,megan.ramirez302@gmail.com,1200
DOC0303,Dr. Karen Copeland,Female,Nephrologist,"MBBS, MD",1,HOS0031,+91-0641993014,karen.copeland303@gmail.com,1000
DOC0304,Dr. Debra Galvan,Female,Psychiatrist,"MBBS, MS",32,HOS0028,+91-5582254552,debra.galvan304@hotmail.com,800
DOC0305,Dr. Matthew Brennan,Male,Dermatologist,"MBBS, MS, MCh",2,HOS0009,+91-2460333653,matthew.brennan305@hotmail.com,1000
DOC0306,Dr. Stephanie Baker,Female,Hematologist,"MBBS, MD, DM",4,HOS0057,+91-0016534077,stephanie.baker306@yahoo.com,1000
DOC0307,Dr. Brian Stevens,Male,Ophthalmologist,"MBBS, DNB",34,HOS0095,+91-7161772367,brian.stevens307@gmail.com,500
DOC0308,Dr. Bailey Jones,Female,Nephrologist,"MBBS, MD",22,HOS0087,+91-5773580183,bailey.jones308@yahoo.com,600
DOC0309,Dr. Natasha Hart,Female,Orthopedic Surgeon,"MBBS, DNB",34,HOS0096,+91-6106803828,natasha.hart309@yahoo.com,1500
DOC0310,Dr. Christy Miller,Female,Oncologist,MBBS,9,HOS0001,+91-4772175134,christy.miller310@hotmail.com,1200
DOC0311,Dr. Richard Jones,Male,Pulmonologist,"MBBS, MS, MCh",32,HOS0020,+91-7742808070,richard.jones311@hotmail.com,1200
DOC0312,Dr. Mariah Barton,Female,Pulmonologist,"MBBS, MD, DM",8,HOS0089,+91-9252650523,mariah.barton312@gmail.com,1500
DOC0313,Dr. Linda Valenzuela,Female,Endocrinologist,"MBBS, MS",23,HOS0051,+91-1730472345,linda.valenzuela313@hotmail.com,2000
DOC0314,Dr. Christina Jones,Female,General Physician,"MBBS, DNB",21,HOS0064,+91-0205731758,christina.jones314@hotmail.com,1200
DOC0315,Dr. Katherine Braun,Female,Dermatologist,"MBBS, MS, MCh",20,HOS0039,+91-9337347435,katherine.braun315@gmail.com,500
DOC0316,Dr. Jennifer Cooper,Female,Infectious Disease Specialist,"MBBS, MD",25,HOS0012,+91-0952302949,jennifer.cooper316@yahoo.com,1000
DOC0317,Dr. Karen Kelley,Female,Gastroenterologist,"MBBS, MD",16,HOS0055,+91-6243814622,karen.kelley317@hotmail.com,300
DOC0318,Dr. Chad Morris,Male,Psychiatrist,"MBBS, MS, MCh",4,HOS0064,+91-0236219764,chad.morris318@hotmail.com,800
DOC0319,Dr. Mary Dalton,Female,Surgeon,"MBBS, MD, DM",35,HOS0067,+91-4610610414,mary.dalton319@gmail.com,2000
DOC0320,Dr. Sheila Fisher,Female,Urologist,"MBBS, MS",25,HOS0006,+91-8648917378,sheila.fisher320@hotmail.com,1000
DOC0321,Dr. Melanie Wood,Female,Neurologist,"MBBS, MS, MCh",1,HOS0030,+91-8836194962,melanie.wood321@hotmail.com,400
DOC0322,Dr. Tina Schneider,Female,Hematologist,"MBBS, MD, DM",24,HOS0084,+91-6584109735,tina.schneider322@gmail.com,2000
DOC0323,Dr. Jeremy Morgan,Male,Oncologist,"MBBS, MD, DM",13,HOS0052,+91-2753613866,jeremy.morgan323@gmail.com,1500
DOC0324,Dr. Stephanie Hall,Female,Neurologist,"MBBS, MD",34,HOS0047,+91-5675233410,stephanie.hall324@hotmail.com,1000
DOC0325,Dr. Brandy Sullivan,Female,Endocrinologist,"MBBS, MS, MCh",5,HOS0023,+91-6179759855,brandy.sullivan325@hotmail.com,400
DOC0326,Dr. Olivia Edwards,Female,Hematologist,"MBBS, MD, DM",22,HOS0081,+91-7026514833,olivia.edwards326@hotmail.com,500
DOC0327,Dr. Leslie Mack,Female,ENT Specialist,"MBBS, MS, MCh",33,HOS0025,+91-5442197903,leslie.mack327@gmail.com,1200
DOC0328,Dr. Kyle Gutierrez,Male,Infectious Disease Specialist,"MBBS, MS, MCh",4,HOS0014,+91-8401021302,kyle.gutierrez328@gmail.com,1000
DOC0329,Dr. Christopher Lester,Male,General Physician,MBBS,27,HOS0040,+91-3001113275,christopher.lester329@gmail.com,2000
DOC0330,Dr. Joseph Flores,Male,Pulmonologist,MBBS,20,HOS0076,+91-6745014241,joseph.flores330@gmail.com,300
DOC0331,Dr. Marcus Horton,Male,Dermatologist,"MBBS, MD, DM",13,HOS0099,+91-4255872398,marcus.horton331@gmail.com,2000
DOC0332,Dr. Nicole Combs,Female,Hematologist,"MBBS, MD",35,HOS0074,+91-6640341711,nicole.combs332@hotmail.com,600
DOC0333,Dr. Brittany Bauer,Female,Pediatrician,"MBBS, MD",8,HOS0067,+91-7739179620,brittany.bauer333@gmail.com,2000
DOC0334,Dr. Timothy Lewis,Male,Orthopedic Surgeon,MBBS,2,HOS0022,+91-7348688500,timothy.lewis334@gmail.com,2000
DOC0335,Dr. Misty Walker,Female,Surgeon,"MBBS, MD, DM",30,HOS0008,+91-4379323442,misty.walker335@gmail.com,300
DOC0336,Dr. Amy Ford,Female,Ophthalmologist,"MBBS, MS",10,HOS0036,+91-5465840951,amy.ford336@yahoo.com,500
DOC0337,Dr. Anthony Palmer,Male,Orthopedic Surgeon,"MBBS, MS, MCh",18,HOS0009,+91-2237035188,anthony.palmer337@yahoo.com,1000
DOC0338,Dr. Michael Alvarez,Male,Surgeon,"MBBS, MD, DM",29,HOS0003,+91-4111966714,michael.alvarez338@hotmail.com,300
DOC0339,Dr. Jose Cole,Male,Infectious Disease Specialist,MBBS,26,HOS0057,+91-7658759017,jose.cole339@gmail.com,300
DOC0340,Dr. Mark Ramirez,Male,Ophthalmologist,MBBS,16,HOS0021,+91-0821790415,mark.ramirez340@yahoo.com,500
DOC0341,Dr. Kelly Thomas,Female,Urologist,"MBBS, MS",1,HOS0054,+91-1004281152,kelly.thomas341@hotmail.com,800
DOC0342,Dr. Lindsey Russell,Female,Ophthalmologist,"MBBS, DNB",5,HOS0050,+91-3266551378,lindsey.russell342@gmail.com,600
DOC0343,Dr. Anna Hahn,Female,Pulmonologist,"MBBS, DNB",20,HOS0063,+91-6732947632,anna.hahn343@hotmail.com,300
DOC0344,Dr. Cory Mullen,Male,Dermatologist,"MBBS, MD",6,HOS0046,+91-1853048729,cory.mullen344@yahoo.com,1200
DOC0345,Dr. Erik Daniel,Male,Endocrinologist,"MBBS, MD, DM",1,HOS0072,+91-5360039504,erik.daniel345@hotmail.com,1000
DOC0346,Dr. Andrew Johnson,Male,Gynecologist,"MBBS, MD, DM",22,HOS0043,+91-5354545956,andrew.johnson346@yahoo.com,1200
DOC0347,Dr. Duane Bender,Male,Oncologist,"MBBS, MS",8,HOS0071,+91-0693022448,duane.bender347@hotmail.com,600
DOC0348,Dr. Erika Kim,Female,Urologist,"MBBS, MS",13,HOS0045,+91-4238505252,erika.kim348@hotmail.com,600
DOC0349,Dr. Shelley Daniels,Female,Psychiatrist,"MBBS, DNB",3,HOS0004,+91-0875773553,shelley.daniels349@gmail.com,1000
DOC0350,Dr. Brian Murphy,Male,Pediatrician,MBBS,16,HOS0026,+91-0035191703,brian.murphy350@yahoo.com,800
DOC0351,Dr. Mark Collins,Male,Urologist,"MBBS, MD",29,HOS0021,+91-7649755459,mark.collins351@gmail.com,1000
DOC0352,Dr. Lindsay Cuevas,Female,Pulmonologist,"MBBS, MD, DM",14,HOS0081,+91-8177603335,lindsay.cuevas352@hotmail.com,600
DOC0353,Dr. Heidi Benjamin,Female,Hematologist,"MBBS, MD",31,HOS0030,+91-1907996026,heidi.benjamin353@gmail.com,1500
DOC0354,Dr. Clinton Carter,Male,Surgeon,"MBBS, MD, DM",17,HOS0076,+91-8513903562,clinton.carter354@yahoo.com,1000
DOC0355,Dr. Mark Jones,Male,Surgeon,"MBBS, MS, MCh",26,HOS0028,+91-6354582788,mark.jones355@gmail.com,500
DOC0356,Dr. Michael Thomas,Male,Neurologist,"MBBS, MS, MCh",33,HOS0035,+91-6822081950,michael.thomas356@gmail.com,1200
DOC0357,Dr. Daniel Johnson,Male,Endocrinologist,MBBS,10,HOS0050,+91-8387283227,daniel.johnson357@gmail.com,400
DOC0358,Dr. Jeff Guzman,Male,Gastroenterologist,"MBBS, MD",15,HOS0085,+91-4943638701,jeff.guzman358@gmail.com,400
DOC0359,Dr. Robert Leach,Male,Hematologist,"MBBS, MS",24,HOS0025,+91-2384382392,robert.leach359@gmail.com,400
DOC0360,Dr. Vanessa Griffith,Female,Ophthalmologist,"MBBS, MS",6,HOS0017,+91-1793468070,vanessa.griffith360@yahoo.com,1200
DOC0361,Dr. Sheila Oneill,Female,Pulmonologist,"MBBS, MD, DM",23,HOS0100,+91-8625723856,sheila.oneill361@hotmail.com,500
DOC0362,Dr. Danielle Gonzalez,Female,General Physician,"MBBS, MS",12,HOS0087,+91-2659644237,danielle.gonzalez362@gmail.com,1000
DOC0363,Dr. Brenda Lawrence,Female,Urologist,"MBBS, MD",2,HOS0052,+91-1842677977,brenda.lawrence363@yahoo.com,1000
DOC0364,Dr. John Gonzalez,Male,Endocrinologist,MBBS,12,HOS0035,+91-9828231561,john.gonzalez364@yahoo.com,600
DOC0365,Dr. Brian Gross,Male,Cardiologist,"MBBS, MS, MCh",26,HOS0021,+91-5562798007,brian.gross365@yahoo.com,1200
DOC0366,Dr. Jordan Joseph,Male,Pediatrician,"MBBS, MD, DM",20,HOS0095,+91-6694280256,jordan.joseph366@yahoo.com,300
DOC0367,Dr. Leslie Byrd,Female,Infectious Disease Specialist,"MBBS, MD",12,HOS0073,+91-5288624120,leslie.byrd367@hotmail.com,1500
DOC0368,Dr. Erica Castillo,Female,Infectious Disease Specialist,"MBBS, MS",28,HOS0001,+91-7458058857,erica.castillo368@gmail.com,400
DOC0369,Dr. Faith Hughes,Female,Infectious Disease Specialist,"MBBS, MS, MCh",3,HOS0090,+91-9940561580,faith.hughes369@yahoo.com,300
DOC0370,Dr. Steven Roberts,Male,Cardiologist,"MBBS, MS",8,HOS0027,+91-7260133022,steven.roberts370@yahoo.com,1000
DOC0371,Dr. Darren Brown,Male,Pulmonologist,"MBBS, DNB",27,HOS0079,+91-4112881263,darren.brown371@gmail.com,600
DOC0372,Dr. Nicole Garrison,Female,Neurologist,"MBBS, MS",34,HOS0055,+91-6612924010,nicole.garrison372@gmail.com,1500
DOC0373,Dr. Becky Johnson,Female,Urologist,"MBBS, MS, MCh",33,HOS0007,+91-2172123953,becky.johnson373@yahoo.com,600
DOC0374,Dr. Barbara Vincent,Female,Pediatrician,"MBBS, MD, DM",33,HOS0098,+91-5664737022,barbara.vincent374@gmail.com,600
DOC0375,Dr. Steven Leon,Male,Dermatologist,"MBBS, MS, MCh",17,HOS0021,+91-0789078907,steven.leon375@yahoo.com,600
DOC0376,Dr. Sierra Burke,Female,Cardiologist,"MBBS, MD",16,HOS0046,+91-5682088272,sierra.burke376@hotmail.com,1000
DOC0377,Dr. Janet Vazquez,Female,ENT Specialist,"MBBS, DNB",6,HOS0040,+91-0880563966,janet.vazquez377@yahoo.com,500
DOC0378,Dr. Tyler Moses,Male,Rheumatologist,"MBBS, MD",32,HOS0091,+91-9256343909,tyler.moses378@hotmail.com,600
DOC0379,Dr. Gabriel Day,Male,Urologist,"MBBS, MD",33,HOS0083,+91-8495298741,gabriel.day379@yahoo.com,1000
DOC0380,Dr. Tara Sherman,Female,Pediatrician,"MBBS, MS, MCh",9,HOS0073,+91-2619649860,tara.sherman380@gmail.com,600
DOC0381,Dr. Leah Anderson,Female,Gynecologist,"MBBS, MD, DM",8,HOS0098,+91-6419674175,leah.anderson381@gmail.com,500
DOC0382,Dr. Andrew Flowers,Male,Pulmonologist,"MBBS, MD",30,HOS0015,+91-4314453888,andrew.flowers382@yahoo.com,800
DOC0383,Dr. Randy Schwartz,Male,Rheumatologist,"MBBS, MD",24,HOS0006,+91-4756710240,randy.schwartz383@hotmail.com,300
DOC0384,Dr. Virginia Weaver,Female,ENT Specialist,MBBS,20,HOS0090,+91-2563480770,virginia.weaver384@gmail.com,800
DOC0385,Dr. Angela Moody,Female,Dermatologist,"MBBS, MS",8,HOS0057,+91-0379714592,angela.moody385@gmail.com,1500
DOC0386,Dr. Maria Chang,Female,Dermatologist,"MBBS, MS, MCh",19,HOS0010,+91-2845223734,maria.chang386@yahoo.com,300
DOC0387,Dr. Thomas Walker,Male,Rheumatologist,MBBS,30,HOS0096,+91-9416897316,thomas.walker387@yahoo.com,1000
DOC0388,Dr. Renee Fleming,Female,Rheumatologist,"MBBS, MD, DM",7,HOS0063,+91-6377834281,renee.fleming388@hotmail.com,600
DOC0389,Dr. Emily Preston,Female,Nephrologist,MBBS,1,HOS0083,+91-2777495187,emily.preston389@hotmail.com,800
DOC0390,Dr. Erin Cooper,Female,Neurologist,"MBBS, MD",16,HOS0096,+91-1561279456,erin.cooper390@hotmail.com,300
DOC0391,Dr. Joshua Edwards,Male,Pediatrician,"MBBS, MS",26,HOS0048,+91-0537147595,joshua.edwards391@yahoo.com,500
DOC0392,Dr. Travis Walters,Male,Endocrinologist,"MBBS, DNB",7,HOS0079,+91-8253934439,travis.walters392@gmail.com,1000
DOC0393,Dr. Jennifer Clark,Female,Nephrologist,"MBBS, MS",12,HOS0030,+91-1388131413,jennifer.clark393@hotmail.com,1000
DOC0394,Dr. Kevin Contreras,Male,Psychiatrist,"MBBS, MD",24,HOS0008,+91-4061459086,kevin.contreras394@yahoo.com,300
DOC0395,Dr. Steven Lawrence,Male,Cardiologist,"MBBS, MD",26,HOS0064,+91-2093231314,steven.lawrence395@hotmail.com,1200
DOC0396,Dr. Shirley Robertson,Female,Endocrinologist,"MBBS, MS, MCh",11,HOS0075,+91-5660196148,shirley.robertson396@gmail.com,400
DOC0397,Dr. Jeffrey Harrell,Male,Dermatologist,"MBBS, MD",15,HOS0057,+91-0006986255,jeffrey.harrell397@hotmail.com,1200
DOC0398,Dr. Casey Ellison,Male,Urologist,"MBBS, MD, DM",3,HOS0025,+91-5482222219,casey.ellison398@gmail.com,600
DOC0399,Dr. Caitlin Shaw,Female,Cardiologist,"MBBS, MS, MCh",1,HOS0066,+91-9187678003,caitlin.shaw399@yahoo.com,1200
DOC0400,Dr. Charles Frost,Male,Neurologist,"MBBS, DNB",19,HOS0008,+91-0353179665,charles.frost400@yahoo.com,2000
DOC0401,Dr. Pamela Walker,Female,Neurologist,"MBBS, MD, DM",22,HOS0002,+91-0783092314,pamela.walker401@gmail.com,500
DOC0402,Dr. Raymond Webster,Male,Endocrinologist,MBBS,25,HOS0057,+91-5164187322,raymond.webster402@yahoo.com,1000
DOC0403,Dr. Jeffrey Huynh,Male,Neurologist,"MBBS, MS, MCh",31,HOS0042,+91-1862907120,jeffrey.huynh403@yahoo.com,2000
DOC0404,Dr. Katie Rogers,Female,Gynecologist,"MBBS, DNB",28,HOS0020,+91-1838623364,katie.rogers404@hotmail.com,1200
DOC0405,Dr. Jesse Allen,Male,Gastroenterologist,"MBBS, MS, MCh",4,HOS0085,+91-7036136184,jesse.allen405@yahoo.com,800
DOC0406,Dr. Frances Adams,Female,Rheumatologist,"MBBS, DNB",24,HOS0083,+91-5306661211,frances.adams406@gmail.com,500
DOC0407,Dr. Kimberly Ewing,Female,Hematologist,"MBBS, DNB",22,HOS0004,+91-1687431797,kimberly.ewing407@yahoo.com,600
DOC0408,Dr. Arthur Lawrence,Male,Neurologist,"MBBS, MD",29,HOS0085,+91-7221762029,arthur.lawrence408@hotmail.com,1000
DOC0409,Dr. Amber Espinoza,Female,Hematologist,"MBBS, MD",24,HOS0073,+91-1153039452,amber.espinoza409@hotmail.com,1500
DOC0410,Dr. Sandra Russell,Female,Orthopedic Surgeon,"MBBS, MD",17,HOS0024,+91-4277202186,sandra.russell410@gmail.com,600
DOC0411,Dr. Mark Moore,Male,Psychiatrist,"MBBS, DNB",15,HOS0013,+91-4116130205,mark.moore411@gmail.com,600
DOC0412,Dr. Shelly Davies,Female,Ophthalmologist,"MBBS, MS, MCh",32,HOS0059,+91-5897983483,shelly.davies412@yahoo.com,600
DOC0413,Dr. Nicholas Martinez,Male,Infectious Disease Specialist,"MBBS, MS, MCh",33,HOS0011,+91-5889394828,nicholas.martinez413@gmail.com,1200
DOC0414,Dr. Jason Beck,Male,Pediatrician,"MBBS, MS, MCh",29,HOS0071,+91-2084417587,jason.beck414@gmail.com,2000
DOC0415,Dr. Michael Savage,Male,Orthopedic Surgeon,"MBBS, MD, DM",33,HOS0088,+91-8684460475,michael.savage415@hotmail.com,1200
DOC0416,Dr. Michael Daniel,Male,Infectious Disease Specialist,"MBBS, MD, DM",13,HOS0100,+91-5475153364,michael.daniel416@hotmail.com,400
DOC0417,Dr. Jacob Smith,Male,Surgeon,MBBS,24,HOS0052,+91-8055606984,jacob.smith417@gmail.com,600
DOC0418,Dr. Gilbert Kennedy,Male,Cardiologist,MBBS,24,HOS0090,+91-2715347025,gilbert.kennedy418@yahoo.com,600
DOC0419,Dr. Sharon Gonzales,Female,Orthopedic Surgeon,"MBBS, DNB",20,HOS0018,+91-6252225403,sharon.gonzales419@yahoo.com,1200
DOC0420,Dr. Andrew Thompson,Male,Infectious Disease Specialist,MBBS,13,HOS0094,+91-0663258114,andrew.thompson420@yahoo.com,1000
DOC0421,Dr. Jordan Carney,Male,Gastroenterologist,"MBBS, DNB",24,HOS0088,+91-4066260515,jordan.carney421@yahoo.com,300
DOC0422,Dr. Beth Johnson,Female,Ophthalmologist,"MBBS, MS",8,HOS0066,+91-3309993413,beth.johnson422@hotmail.com,2000
DOC0423,Dr. Savannah Blankenship,Female,Cardiologist,"MBBS, MS, MCh",32,HOS0046,+91-3799510958,savannah.blankenship423@hotmail.com,400
DOC0424,Dr. Sarah Davis,Female,Surgeon,MBBS,21,HOS0005,+91-7133746503,sarah.davis424@gmail.com,600
DOC0425,Dr. Evelyn Ross,Female,ENT Specialist,"MBBS, DNB",23,HOS0058,+91-6359360884,evelyn.ross425@yahoo.com,300
DOC0426,Dr. Julie Klein,Female,General Physician,"MBBS, MD, DM",8,HOS0015,+91-7006739929,julie.klein426@yahoo.com,400
DOC0427,Dr. Kimberly Hughes,Female,Pediatrician,"MBBS, MS, MCh",12,HOS0038,+91-1471473011,kimberly.hughes427@gmail.com,1200
DOC0428,Dr. Clinton Smith,Male,Gynecologist,"MBBS, DNB",17,HOS0098,+91-6874585218,clinton.smith428@hotmail.com,800
DOC0429,Dr. Katherine Watson,Female,General Physician,"MBBS, MS",1,HOS0020,+91-8336559989,katherine.watson429@yahoo.com,1500
DOC0430,Dr. Diane Miller,Female,Cardiologist,MBBS,3,HOS0024,+91-5158525152,diane.miller430@yahoo.com,1200
DOC0431,Dr. Alison Villanueva,Female,Urologist,"MBBS, MD, DM",11,HOS0030,+91-3602387564,alison.villanueva431@gmail.com,2000
DOC0432,Dr. Christopher Bush,Male,Gastroenterologist,"MBBS, MS, MCh",24,HOS0028,+91-2500635607,christopher.bush432@hotmail.com,800
DOC0433,Dr. John Gonzalez,Male,ENT Specialist,"MBBS, MD",3,HOS0047,+91-2122482928,john.gonzalez433@yahoo.com,1500
DOC0434,Dr. Donna Ferguson,Female,Pulmonologist,"MBBS, MS",30,HOS0041,+91-7912444389,donna.ferguson434@hotmail.com,300
DOC0435,Dr. Sandra Powers,Female,Gastroenterologist,"MBBS, MD",31,HOS0003,+91-5925778201,sandra.powers435@gmail.com,600
DOC0436,Dr. Lisa Johnson,Female,Pediatrician,"MBBS, DNB",3,HOS0086,+91-8241280093,lisa.johnson436@yahoo.com,500
DOC0437,Dr. Angie Mckenzie,Female,Psychiatrist,MBBS,25,HOS0065,+91-7832355902,angie.mckenzie437@yahoo.com,800
DOC0438,Dr. Jacqueline Browning,Female,Infectious Disease Specialist,"MBBS, MD",34,HOS0090,+91-0910244413,jacqueline.browning438@yahoo.com,300
DOC0439,Dr. Larry Arellano,Male,Oncologist,"MBBS, DNB",13,HOS0074,+91-8004341879,larry.arellano439@hotmail.com,400
DOC0440,Dr. Shannon Thomas,Female,Ophthalmologist,"MBBS, MD",19,HOS0088,+91-8767334483,shannon.thomas440@gmail.com,400
DOC0441,Dr. Melissa Foster,Female,Nephrologist,"MBBS, MS, MCh",22,HOS0082,+91-3137578587,melissa.foster441@gmail.com,600
DOC0442,Dr. Lori Miranda,Female,Gastroenterologist,MBBS,26,HOS0091,+91-5632576282,lori.miranda442@yahoo.com,1000
DOC0443,Dr. Tamara Ruiz,Female,Hematologist,"MBBS, MS",31,HOS0032,+91-8333591445,tamara.ruiz443@hotmail.com,600
DOC0444,Dr. Barbara Campbell,Female,Pediatrician,"MBBS, MD",10,HOS0001,+91-9935604428,barbara.campbell444@hotmail.com,1500
DOC0445,Dr. Lindsay Garrett,Female,Pulmonologist,"MBBS, MS, MCh",29,HOS0099,+91-2241676631,lindsay.garrett445@gmail.com,800
DOC0446,Dr. Jason Hicks,Male,Pediatrician,"MBBS, MS",5,HOS0093,+91-2536642129,jason.hicks446@gmail.com,800
DOC0447,Dr. Candace Willis,Female,Neurologist,"MBBS, MD",22,HOS0075,+91-3787103709,candace.willis447@gmail.com,400
DOC0448,Dr. Joshua Robinson,Male,Infectious Disease Specialist,"MBBS, MS",20,HOS0060,+91-4939255171,joshua.robinson448@hotmail.com,1000
DOC0449,Dr. Brooke Parker,Female,Rheumatologist,"MBBS, MS",5,HOS0023,+91-4810903331,brooke.parker449@yahoo.com,800
DOC0450,Dr. Dawn Miller,Female,General Physician,"MBBS, MD",35,HOS0081,+91-7240473536,dawn.miller450@gmail.com,800
DOC0451,Dr. Paul Boyer,Male,ENT Specialist,MBBS,2,HOS0052,+91-1517703350,paul.boyer451@yahoo.com,1500
DOC0452,Dr. Peter Jenkins,Male,Hematologist,"MBBS, DNB",19,HOS0013,+91-8634619876,peter.jenkins452@hotmail.com,600
DOC0453,Dr. Randy Rivas,Male,Pediatrician,"MBBS, MS, MCh",4,HOS0007,+91-7426630837,randy.rivas453@hotmail.com,400
DOC0454,Dr. Steven Carney,Male,Pediatrician,MBBS,22,HOS0025,+91-8115600472,steven.carney454@gmail.com,800
DOC0455,Dr. John Anderson,Male,General Physician,"MBBS, MD",21,HOS0042,+91-4632604067,john.anderson455@hotmail.com,1000
DOC0456,Dr. Frederick Harper,Male,Pulmonologist,"MBBS, MS, MCh",32,HOS0087,+91-5120140448,frederick.harper456@hotmail.com,1000
DOC0457,Dr. Robert Wilson,Male,Oncologist,MBBS,4,HOS0012,+91-1405296861,robert.wilson457@gmail.com,1000
DOC0458,Dr. Kelly Evans,Female,Psychiatrist,"MBBS, MD, DM",26,HOS0002,+91-7616363576,kelly.evans458@yahoo.com,300
DOC0459,Dr. Kelly Hawkins,Female,Cardiologist,"MBBS, MD, DM",21,HOS0079,+91-1907432769,kelly.hawkins459@yahoo.com,1000
DOC0460,Dr. Isaiah Morrison,Male,General Physician,"MBBS, MD",6,HOS0027,+91-2624318061,isaiah.morrison460@gmail.com,500
DOC0461,Dr. Louis Alvarado,Male,Nephrologist,"MBBS, MD, DM",23,HOS0045,+91-4971116480,louis.alvarado461@yahoo.com,2000
DOC0462,Dr. Jackson Lindsey,Male,Ophthalmologist,"MBBS, DNB",22,HOS0080,+91-1002831183,jackson.lindsey462@hotmail.com,800
DOC0463,Dr. Kelly Taylor,Female,Endocrinologist,"MBBS, DNB",3,HOS0099,+91-6749350918,kelly.taylor463@hotmail.com,2000
DOC0464,Dr. Jennifer Harper,Female,Nephrologist,"MBBS, MS, MCh",18,HOS0068,+91-1161939474,jennifer.harper464@gmail.com,800
DOC0465,Dr. Kenneth Smith,Male,General Physician,"MBBS, MS, MCh",17,HOS0061,+91-7954848118,kenneth.smith465@yahoo.com,400
DOC0466,Dr. Gina Wood,Female,Ophthalmologist,"MBBS, MD, DM",10,HOS0097,+91-5884453684,gina.wood466@hotmail.com,400
DOC0467,Dr. William Stafford,Male,Orthopedic Surgeon,MBBS,9,HOS0070,+91-6749328280,william.stafford467@gmail.com,2000
DOC0468,Dr. David Warner,Male,Psychiatrist,"MBBS, MS, MCh",12,HOS0047,+91-5493672141,david.warner468@gmail.com,500
DOC0469,Dr. John Banks,Male,Hematologist,MBBS,11,HOS0045,+91-6036663584,john.banks469@yahoo.com,600
DOC0470,Dr. Mary Ross,Female,ENT Specialist,"MBBS, DNB",32,HOS0045,+91-6362858701,mary.ross470@gmail.com,1200
DOC0471,Dr. Melanie Jones,Female,Gastroenterologist,MBBS,14,HOS0014,+91-8254775495,melanie.jones471@gmail.com,300
DOC0472,Dr. Ryan Caldwell,Male,Nephrologist,MBBS,26,HOS0030,+91-2129837518,ryan.caldwell472@gmail.com,1200
DOC0473,Dr. Briana Pierce,Female,Ophthalmologist,MBBS,25,HOS0033,+91-5441436063,briana.pierce473@yahoo.com,300
DOC0474,Dr. Julie Alexander,Female,Ophthalmologist,"MBBS, MD",28,HOS0046,+91-6013643091,julie.alexander474@yahoo.com,600
DOC0475,Dr. Michelle Perkins,Female,Psychiatrist,"MBBS, MS",28,HOS0064,+91-8137430590,michelle.perkins475@gmail.com,600
DOC0476,Dr. Phillip Garza,Male,Psychiatrist,"MBBS, MD",31,HOS0039,+91-9782628745,phillip.garza476@yahoo.com,800
DOC0477,Dr. Christopher Davis,Male,General Physician,"MBBS, MD, DM",22,HOS0032,+91-9596349508,christopher.davis477@yahoo.com,500
DOC0478,Dr. Katie Johnson,Female,ENT Specialist,"MBBS, MS, MCh",29,HOS0007,+91-4446877779,katie.johnson478@yahoo.com,600
DOC0479,Dr. Tamara Barker,Female,Urologist,"MBBS, MD",3,HOS0056,+91-2132323753,tamara.barker479@yahoo.com,500
DOC0480,Dr. Yesenia Griffin,Female,Orthopedic Surgeon,"MBBS, MD",2,HOS0002,+91-0202711700,yesenia.griffin480@yahoo.com,500
DOC0481,Dr. Natalie Gordon,Female,Hematologist,"MBBS, DNB",10,HOS0046,+91-1632096354,natalie.gordon481@hotmail.com,400
DOC0482,Dr. John Foster,Male,Pulmonologist,MBBS,30,HOS0054,+91-8050963350,john.foster482@gmail.com,1000
DOC0483,Dr. Anna Brown,Female,Cardiologist,"MBBS, MS, MCh",22,HOS0031,+91-6775196950,anna.brown483@yahoo.com,600
DOC0484,Dr. Mark Ortiz,Male,Pediatrician,"MBBS, MS, MCh",3,HOS0077,+91-1788617161,mark.ortiz484@yahoo.com,600
DOC0485,Dr. Monique Mcbride,Female,General Physician,MBBS,7,HOS0041,+91-9019740969,monique.mcbride485@yahoo.com,400
DOC0486,Dr. Michael Smith,Male,Rheumatologist,"MBBS, MD",8,HOS0068,+91-7359761499,michael.smith486@gmail.com,1200
DOC0487,Dr. Gary Daniels,Male,Ophthalmologist,"MBBS, DNB",12,HOS0070,+91-9690678929,gary.daniels487@hotmail.com,500
DOC0488,Dr. John Walters,Male,Nephrologist,"MBBS, MD, DM",34,HOS0010,+91-8040250302,john.walters488@yahoo.com,1000
DOC0489,Dr. David James,Male,Neurologist,"MBBS, MS",15,HOS0091,+91-3895992137,david.james489@hotmail.com,500
DOC0490,Dr. Stephen Lynn,Male,Psychiatrist,MBBS,17,HOS0006,+91-2728450847,stephen.lynn490@gmail.com,600
DOC0491,Dr. Timothy Martin,Male,Gynecologist,"MBBS, MS",27,HOS0035,+91-0681551262,timothy.martin491@yahoo.com,300
DOC0492,Dr. Kimberly Williams,Female,Urologist,"MBBS, MS, MCh",3,HOS0037,+91-1782713243,kimberly.williams492@gmail.com,2000
DOC0493,Dr. Amy Durham,Female,Psychiatrist,"MBBS, MD, DM",27,HOS0055,+91-4127852256,amy.durham493@hotmail.com,1000
DOC0494,Dr. Brianna Rhodes,Female,Pediatrician,"MBBS, MD, DM",25,HOS0098,+91-7449822952,brianna.rhodes494@gmail.com,1200
DOC0495,Dr. Melissa Smith,Female,General Physician,"MBBS, MD",10,HOS0078,+91-1340451478,melissa.smith495@gmail.com,2000
DOC0496,Dr. Jessica Davis,Female,Ophthalmologist,"MBBS, MD",25,HOS0085,+91-6223101612,jessica.davis496@gmail.com,400
DOC0497,Dr. Jesse Brown,Male,Cardiologist,"MBBS, MD, DM",3,HOS0089,+91-6710653396,jesse.brown497@hotmail.com,2000
DOC0498,Dr. Hannah Chavez,Female,Gynecologist,"MBBS, DNB",29,HOS0041,+91-5261464413,hannah.chavez498@yahoo.com,1500
DOC0499,Dr. Gabriel Campbell,Male,Rheumatologist,"MBBS, MS, MCh",31,HOS0044,+91-7469117197,gabriel.campbell499@yahoo.com,2000
DOC0500,Dr. Dawn Green,Female,Pulmonologist,"MBBS, MS",16,HOS0092,+91-1382863076,dawn.green500@yahoo.com,400
