disease_id,disease_name,category,typical_severity,is_chronic,description
DIS0001,Common Cold,Respiratory,Mild,False,Common Cold is a respiratory condition typically presenting with mild severity.
DIS0002,Influenza,Respiratory,Moderate,False,Influenza is a respiratory condition typically presenting with moderate severity.
DIS0003,Pneumonia,Respiratory,Severe,False,Pneumonia is a respiratory condition typically presenting with severe severity.
DIS0004,Asthma,Respiratory,Moderate,True,Asthma is a respiratory condition typically presenting with moderate severity.
DIS0005,Bronchitis,Respiratory,Moderate,False,Bronchitis is a respiratory condition typically presenting with moderate severity.
DIS0006,Tuberculosis,Respiratory,Severe,True,Tuberculosis is a respiratory condition typically presenting with severe severity.
DIS0007,COVID-19,Respiratory,Moderate,False,COVID-19 is a respiratory condition typically presenting with moderate severity.
DIS0008,Chronic Obstructive Pulmonary Disease,Respiratory,Severe,True,Chronic Obstructive Pulmonary Disease is a respiratory condition typically presenting with severe severity.
DIS0009,Sinusitis,Respiratory,Mild,False,Sinusitis is a respiratory condition typically presenting with mild severity.
DIS0010,Pharyngitis,Respiratory,Mild,False,Pharyngitis is a respiratory condition typically presenting with mild severity.
DIS0011,Malaria,Infectious,Severe,False,Malaria is a infectious condition typically presenting with severe severity.
DIS0012,Dengue Fever,Infectious,Severe,False,Dengue Fever is a infectious condition typically presenting with severe severity.
DIS0013,Typhoid Fever,Infectious,Severe,False,Typhoid Fever is a infectious condition typically presenting with severe severity.
DIS0014,Chickenpox,Infectious,Mild,False,Chickenpox is a infectious condition typically presenting with mild severity.
DIS0015,Measles,Infectious,Moderate,False,Measles is a infectious condition typically presenting with moderate severity.
DIS0016,Hepatitis A,Infectious,Moderate,False,Hepatitis A is a infectious condition typically presenting with moderate severity.
DIS0017,Hepatitis B,Infectious,Severe,True,Hepatitis B is a infectious condition typically presenting with severe severity.
DIS0018,Hepatitis C,Infectious,Severe,True,Hepatitis C is a infectious condition typically presenting with severe severity.
DIS0019,HIV/AIDS,Infectious,Severe,True,HIV/AIDS is a infectious condition typically presenting with severe severity.
DIS0020,Cholera,Infectious,Severe,False,Cholera is a infectious condition typically presenting with severe severity.
DIS0021,Type 1 Diabetes Mellitus,Endocrine,Severe,True,Type 1 Diabetes Mellitus is a endocrine condition typically presenting with severe severity.
DIS0022,Type 2 Diabetes Mellitus,Endocrine,Moderate,True,Type 2 Diabetes Mellitus is a endocrine condition typically presenting with moderate severity.
DIS0023,Hypothyroidism,Endocrine,Moderate,True,Hypothyroidism is a endocrine condition typically presenting with moderate severity.
DIS0024,Hyperthyroidism,Endocrine,Moderate,True,Hyperthyroidism is a endocrine condition typically presenting with moderate severity.
DIS0025,Hypertension,Cardiovascular,Moderate,True,Hypertension is a cardiovascular condition typically presenting with moderate severity.
DIS0026,Coronary Artery Disease,Cardiovascular,Severe,True,Coronary Artery Disease is a cardiovascular condition typically presenting with severe severity.
DIS0027,Heart Failure,Cardiovascular,Severe,True,Heart Failure is a cardiovascular condition typically presenting with severe severity.
DIS0028,Arrhythmia,Cardiovascular,Moderate,True,Arrhythmia is a cardiovascular condition typically presenting with moderate severity.
DIS0029,Stroke,Cardiovascular,Severe,False,Stroke is a cardiovascular condition typically presenting with severe severity.
DIS0030,Deep Vein Thrombosis,Cardiovascular,Severe,False,Deep Vein Thrombosis is a cardiovascular condition typically presenting with severe severity.
DIS0031,Migraine,Neurological,Moderate,True,Migraine is a neurological condition typically presenting with moderate severity.
DIS0032,Epilepsy,Neurological,Severe,True,Epilepsy is a neurological condition typically presenting with severe severity.
DIS0033,Parkinson's Disease,Neurological,Severe,True,Parkinson's Disease is a neurological condition typically presenting with severe severity.
DIS0034,Alzheimer's Disease,Neurological,Severe,True,Alzheimer's Disease is a neurological condition typically presenting with severe severity.
DIS0035,Multiple Sclerosis,Neurological,Severe,True,Multiple Sclerosis is a neurological condition typically presenting with severe severity.
DIS0036,Bell's Palsy,Neurological,Moderate,False,Bell's Palsy is a neurological condition typically presenting with moderate severity.
DIS0037,Gastroenteritis,Digestive,Moderate,False,Gastroenteritis is a digestive condition typically presenting with moderate severity.
DIS0038,Peptic Ulcer Disease,Digestive,Moderate,True,Peptic Ulcer Disease is a digestive condition typically presenting with moderate severity.
DIS0039,Gastroesophageal Reflux Disease,Digestive,Mild,True,Gastroesophageal Reflux Disease is a digestive condition typically presenting with mild severity.
DIS0040,Irritable Bowel Syndrome,Digestive,Moderate,True,Irritable Bowel Syndrome is a digestive condition typically presenting with moderate severity.
DIS0041,Crohn's Disease,Digestive,Severe,True,Crohn's Disease is a digestive condition typically presenting with severe severity.
DIS0042,Ulcerative Colitis,Digestive,Severe,True,Ulcerative Colitis is a digestive condition typically presenting with severe severity.
DIS0043,Appendicitis,Digestive,Severe,False,Appendicitis is a digestive condition typically presenting with severe severity.
DIS0044,Gallstones,Digestive,Moderate,False,Gallstones is a digestive condition typically presenting with moderate severity.
DIS0045,Cirrhosis,Digestive,Severe,True,Cirrhosis is a digestive condition typically presenting with severe severity.
DIS0046,Pancreatitis,Digestive,Severe,False,Pancreatitis is a digestive condition typically presenting with severe severity.
DIS0047,Urinary Tract Infection,Urological,Mild,False,Urinary Tract Infection is a urological condition typically presenting with mild severity.
DIS0048,Kidney Stones,Urological,Severe,False,Kidney Stones is a urological condition typically presenting with severe severity.
DIS0049,Chronic Kidney Disease,Urological,Severe,True,Chronic Kidney Disease is a urological condition typically presenting with severe severity.
DIS0050,Benign Prostatic Hyperplasia,Urological,Moderate,True,Benign Prostatic Hyperplasia is a urological condition typically presenting with moderate severity.
DIS0051,Osteoarthritis,Musculoskeletal,Moderate,True,Osteoarthritis is a musculoskeletal condition typically presenting with moderate severity.
DIS0052,Rheumatoid Arthritis,Musculoskeletal,Severe,True,Rheumatoid Arthritis is a musculoskeletal condition typically presenting with severe severity.
DIS0053,Gout,Musculoskeletal,Moderate,True,Gout is a musculoskeletal condition typically presenting with moderate severity.
DIS0054,Osteoporosis,Musculoskeletal,Moderate,True,Osteoporosis is a musculoskeletal condition typically presenting with moderate severity.
DIS0055,Fibromyalgia,Musculoskeletal,Moderate,True,Fibromyalgia is a musculoskeletal condition typically presenting with moderate severity.
DIS0056,Lower Back Strain,Musculoskeletal,Mild,False,Lower Back Strain is a musculoskeletal condition typically presenting with mild severity.
DIS0057,Eczema,Dermatological,Mild,True,Eczema is a dermatological condition typically presenting with mild severity.
DIS0058,Psoriasis,Dermatological,Moderate,True,Psoriasis is a dermatological condition typically presenting with moderate severity.
DIS0059,Acne Vulgaris,Dermatological,Mild,True,Acne Vulgaris is a dermatological condition typically presenting with mild severity.
DIS0060,Fungal Skin Infection,Dermatological,Mild,False,Fungal Skin Infection is a dermatological condition typically presenting with mild severity.
DIS0061,Urticaria,Dermatological,Mild,False,Urticaria is a dermatological condition typically presenting with mild severity.
DIS0062,Conjunctivitis,Ophthalmological,Mild,False,Conjunctivitis is a ophthalmological condition typically presenting with mild severity.
DIS0063,Cataract,Ophthalmological,Moderate,True,Cataract is a ophthalmological condition typically presenting with moderate severity.
DIS0064,Glaucoma,Ophthalmological,Severe,True,Glaucoma is a ophthalmological condition typically presenting with severe severity.
DIS0065,Otitis Media,ENT,Mild,False,Otitis Media is a ent condition typically presenting with mild severity.
DIS0066,Tonsillitis,ENT,Mild,False,Tonsillitis is a ent condition typically presenting with mild severity.
DIS0067,Vertigo,ENT,Moderate,False,Vertigo is a ent condition typically presenting with moderate severity.
DIS0068,Generalized Anxiety Disorder,Psychiatric,Moderate,True,Generalized Anxiety Disorder is a psychiatric condition typically presenting with moderate severity.
DIS0069,Major Depressive Disorder,Psychiatric,Moderate,True,Major Depressive Disorder is a psychiatric condition typically presenting with moderate severity.
DIS0070,Bipolar Disorder,Psychiatric,Severe,True,Bipolar Disorder is a psychiatric condition typically presenting with severe severity.
DIS0071,Insomnia Disorder,Psychiatric,Mild,True,Insomnia Disorder is a psychiatric condition typically presenting with mild severity.
DIS0072,Anemia,Hematological,Moderate,True,Anemia is a hematological condition typically presenting with moderate severity.
DIS0073,Leukemia,Hematological,Severe,True,Leukemia is a hematological condition typically presenting with severe severity.
DIS0074,Thrombocytopenia,Hematological,Moderate,False,Thrombocytopenia is a hematological condition typically presenting with moderate severity.
DIS0075,Allergic Rhinitis,Immunological,Mild,True,Allergic Rhinitis is a immunological condition typically presenting with mild severity.
DIS0076,Food Allergy,Immunological,Moderate,True,Food Allergy is a immunological condition typically presenting with moderate severity.
DIS0077,Lupus,Immunological,Severe,True,Lupus is a immunological condition typically presenting with severe severity.
DIS0078,Breast Cancer,Oncological,Severe,True,Breast Cancer is a oncological condition typically presenting with severe severity.
DIS0079,Lung Cancer,Oncological,Severe,True,Lung Cancer is a oncological condition typically presenting with severe severity.
DIS0080,Colorectal Cancer,Oncological,Severe,True,Colorectal Cancer is a oncological condition typically presenting with severe severity.
DIS0081,Prostate Cancer,Oncological,Severe,True,Prostate Cancer is a oncological condition typically presenting with severe severity.
DIS0082,Skin Cancer,Oncological,Severe,True,Skin Cancer is a oncological condition typically presenting with severe severity.
DIS0083,Chronic Deep Vein Thrombosis,Cardiovascular,Severe,True,"Chronic Deep Vein Thrombosis is a chronic presentation of deep vein thrombosis, a cardiovascular condition."
DIS0084,Acute Cholera,Infectious,Severe,False,"Acute Cholera is a acute presentation of cholera, a infectious condition."
DIS0085,Advanced Sinusitis,Respiratory,Mild,False,"Advanced Sinusitis is a advanced presentation of sinusitis, a respiratory condition."
DIS0086,Mild Allergic Rhinitis,Immunological,Mild,True,"Mild Allergic Rhinitis is a mild presentation of allergic rhinitis, a immunological condition."
DIS0087,Severe Vertigo,ENT,Severe,False,"Severe Vertigo is a severe presentation of vertigo, a ent condition."
DIS0088,Chronic Pancreatitis,Digestive,Severe,True,"Chronic Pancreatitis is a chronic presentation of pancreatitis, a digestive condition."
DIS0089,Acute Measles,Infectious,Moderate,False,"Acute Measles is a acute presentation of measles, a infectious condition."
DIS0090,Atypical Psoriasis,Dermatological,Moderate,True,"Atypical Psoriasis is a atypical presentation of psoriasis, a dermatological condition."
DIS0091,Advanced Tuberculosis,Respiratory,Severe,True,"Advanced Tuberculosis is a advanced presentation of tuberculosis, a respiratory condition."
DIS0092,Advanced Urinary Tract Infection,Urological,Mild,False,"Advanced Urinary Tract Infection is a advanced presentation of urinary tract infection, a urological condition."
DIS0093,Atypical Migraine,Neurological,Moderate,True,"Atypical Migraine is a atypical presentation of migraine, a neurological condition."
DIS0094,Acute Osteoporosis,Musculoskeletal,Moderate,True,"Acute Osteoporosis is a acute presentation of osteoporosis, a musculoskeletal condition."
DIS0095,Chronic Otitis Media,ENT,Mild,True,"Chronic Otitis Media is a chronic presentation of otitis media, a ent condition."
DIS0096,Advanced Parkinson's Disease,Neurological,Severe,True,"Advanced Parkinson's Disease is a advanced presentation of parkinson's disease, a neurological condition."
DIS0097,Severe Hyperthyroidism,Endocrine,Severe,True,"Severe Hyperthyroidism is a severe presentation of hyperthyroidism, a endocrine condition."
DIS0098,Severe Gallstones,Digestive,Severe,False,"Severe Gallstones is a severe presentation of gallstones, a digestive condition."
DIS0099,Advanced Chronic Kidney Disease,Urological,Severe,True,"Advanced Chronic Kidney Disease is a advanced presentation of chronic kidney disease, a urological condition."
DIS0100,Severe Prostate Cancer,Oncological,Severe,True,"Severe Prostate Cancer is a severe presentation of prostate cancer, a oncological condition."
DIS0101,Severe Arrhythmia,Cardiovascular,Severe,True,"Severe Arrhythmia is a severe presentation of arrhythmia, a cardiovascular condition."
DIS0102,Early-Stage Chronic Obstructive Pulmonary Disease,Respiratory,Severe,True,"Early-Stage Chronic Obstructive Pulmonary Disease is a early-stage presentation of chronic obstructive pulmonary disease, a respiratory condition."
DIS0103,Chronic Benign Prostatic Hyperplasia,Urological,Moderate,True,"Chronic Benign Prostatic Hyperplasia is a chronic presentation of benign prostatic hyperplasia, a urological condition."
DIS0104,Chronic Alzheimer's Disease,Neurological,Severe,True,"Chronic Alzheimer's Disease is a chronic presentation of alzheimer's disease, a neurological condition."
DIS0105,Advanced Osteoporosis,Musculoskeletal,Moderate,True,"Advanced Osteoporosis is a advanced presentation of osteoporosis, a musculoskeletal condition."
DIS0106,Recurrent Hepatitis A,Infectious,Moderate,True,"Recurrent Hepatitis A is a recurrent presentation of hepatitis a, a infectious condition."
DIS0107,Recurrent Osteoporosis,Musculoskeletal,Moderate,True,"Recurrent Osteoporosis is a recurrent presentation of osteoporosis, a musculoskeletal condition."
DIS0108,Severe Crohn's Disease,Digestive,Severe,True,"Severe Crohn's Disease is a severe presentation of crohn's disease, a digestive condition."
DIS0109,Early-Stage Crohn's Disease,Digestive,Severe,True,"Early-Stage Crohn's Disease is a early-stage presentation of crohn's disease, a digestive condition."
DIS0110,Atypical Sinusitis,Respiratory,Mild,False,"Atypical Sinusitis is a atypical presentation of sinusitis, a respiratory condition."
DIS0111,Acute Typhoid Fever,Infectious,Severe,False,"Acute Typhoid Fever is a acute presentation of typhoid fever, a infectious condition."
DIS0112,Severe Colorectal Cancer,Oncological,Severe,True,"Severe Colorectal Cancer is a severe presentation of colorectal cancer, a oncological condition."
DIS0113,Recurrent Anemia,Hematological,Moderate,True,"Recurrent Anemia is a recurrent presentation of anemia, a hematological condition."
DIS0114,Atypical Arrhythmia,Cardiovascular,Moderate,True,"Atypical Arrhythmia is a atypical presentation of arrhythmia, a cardiovascular condition."
DIS0115,Early-Stage Type 2 Diabetes Mellitus,Endocrine,Moderate,True,"Early-Stage Type 2 Diabetes Mellitus is a early-stage presentation of type 2 diabetes mellitus, a endocrine condition."
DIS0116,Mild Sinusitis,Respiratory,Mild,False,"Mild Sinusitis is a mild presentation of sinusitis, a respiratory condition."
DIS0117,Mild Conjunctivitis,Ophthalmological,Mild,False,"Mild Conjunctivitis is a mild presentation of conjunctivitis, a ophthalmological condition."
DIS0118,Acute Cataract,Ophthalmological,Moderate,True,"Acute Cataract is a acute presentation of cataract, a ophthalmological condition."
DIS0119,Advanced Migraine,Neurological,Moderate,True,"Advanced Migraine is a advanced presentation of migraine, a neurological condition."
DIS0120,Atypical Fibromyalgia,Musculoskeletal,Moderate,True,"Atypical Fibromyalgia is a atypical presentation of fibromyalgia, a musculoskeletal condition."
DIS0121,Early-Stage Peptic Ulcer Disease,Digestive,Moderate,True,"Early-Stage Peptic Ulcer Disease is a early-stage presentation of peptic ulcer disease, a digestive condition."
DIS0122,Early-Stage Hypertension,Cardiovascular,Moderate,True,"Early-Stage Hypertension is a early-stage presentation of hypertension, a cardiovascular condition."
DIS0123,Early-Stage Insomnia Disorder,Psychiatric,Mild,True,"Early-Stage Insomnia Disorder is a early-stage presentation of insomnia disorder, a psychiatric condition."
DIS0124,Early-Stage Coronary Artery Disease,Cardiovascular,Severe,True,"Early-Stage Coronary Artery Disease is a early-stage presentation of coronary artery disease, a cardiovascular condition."
DIS0125,Chronic Sinusitis,Respiratory,Mild,True,"Chronic Sinusitis is a chronic presentation of sinusitis, a respiratory condition."
DIS0126,Acute Conjunctivitis,Ophthalmological,Mild,False,"Acute Conjunctivitis is a acute presentation of conjunctivitis, a ophthalmological condition."
DIS0127,Early-Stage Skin Cancer,Oncological,Severe,True,"Early-Stage Skin Cancer is a early-stage presentation of skin cancer, a oncological condition."
DIS0128,Acute Psoriasis,Dermatological,Moderate,True,"Acute Psoriasis is a acute presentation of psoriasis, a dermatological condition."
DIS0129,Early-Stage Alzheimer's Disease,Neurological,Severe,True,"Early-Stage Alzheimer's Disease is a early-stage presentation of alzheimer's disease, a neurological condition."
DIS0130,Chronic Type 2 Diabetes Mellitus,Endocrine,Moderate,True,"Chronic Type 2 Diabetes Mellitus is a chronic presentation of type 2 diabetes mellitus, a endocrine condition."
DIS0131,Advanced Breast Cancer,Oncological,Severe,True,"Advanced Breast Cancer is a advanced presentation of breast cancer, a oncological condition."
DIS0132,Chronic Gallstones,Digestive,Moderate,True,"Chronic Gallstones is a chronic presentation of gallstones, a digestive condition."
DIS0133,Recurrent Pancreatitis,Digestive,Severe,True,"Recurrent Pancreatitis is a recurrent presentation of pancreatitis, a digestive condition."
DIS0134,Advanced Psoriasis,Dermatological,Moderate,True,"Advanced Psoriasis is a advanced presentation of psoriasis, a dermatological condition."
DIS0135,Recurrent Peptic Ulcer Disease,Digestive,Moderate,True,"Recurrent Peptic Ulcer Disease is a recurrent presentation of peptic ulcer disease, a digestive condition."
DIS0136,Atypical COVID-19,Respiratory,Moderate,False,"Atypical COVID-19 is a atypical presentation of covid-19, a respiratory condition."
DIS0137,Advanced Coronary Artery Disease,Cardiovascular,Severe,True,"Advanced Coronary Artery Disease is a advanced presentation of coronary artery disease, a cardiovascular condition."
DIS0138,Acute Heart Failure,Cardiovascular,Severe,True,"Acute Heart Failure is a acute presentation of heart failure, a cardiovascular condition."
DIS0139,Atypical Lower Back Strain,Musculoskeletal,Mild,False,"Atypical Lower Back Strain is a atypical presentation of lower back strain, a musculoskeletal condition."
DIS0140,Acute Hepatitis B,Infectious,Severe,True,"Acute Hepatitis B is a acute presentation of hepatitis b, a infectious condition."
DIS0141,Mild Irritable Bowel Syndrome,Digestive,Moderate,True,"Mild Irritable Bowel Syndrome is a mild presentation of irritable bowel syndrome, a digestive condition."
DIS0142,Atypical Heart Failure,Cardiovascular,Severe,True,"Atypical Heart Failure is a atypical presentation of heart failure, a cardiovascular condition."
DIS0143,Severe Irritable Bowel Syndrome,Digestive,Severe,True,"Severe Irritable Bowel Syndrome is a severe presentation of irritable bowel syndrome, a digestive condition."
DIS0144,Recurrent Heart Failure,Cardiovascular,Severe,True,"Recurrent Heart Failure is a recurrent presentation of heart failure, a cardiovascular condition."
DIS0145,Advanced HIV/AIDS,Infectious,Severe,True,"Advanced HIV/AIDS is a advanced presentation of hiv/aids, a infectious condition."
DIS0146,Early-Stage Stroke,Cardiovascular,Severe,False,"Early-Stage Stroke is a early-stage presentation of stroke, a cardiovascular condition."
DIS0147,Early-Stage Pharyngitis,Respiratory,Mild,False,"Early-Stage Pharyngitis is a early-stage presentation of pharyngitis, a respiratory condition."
DIS0148,Advanced Otitis Media,ENT,Mild,False,"Advanced Otitis Media is a advanced presentation of otitis media, a ent condition."
DIS0149,Atypical Bronchitis,Respiratory,Moderate,False,"Atypical Bronchitis is a atypical presentation of bronchitis, a respiratory condition."
DIS0150,Atypical Hepatitis A,Infectious,Moderate,False,"Atypical Hepatitis A is a atypical presentation of hepatitis a, a infectious condition."
DIS0151,Chronic Breast Cancer,Oncological,Severe,True,"Chronic Breast Cancer is a chronic presentation of breast cancer, a oncological condition."
DIS0152,Acute Colorectal Cancer,Oncological,Severe,True,"Acute Colorectal Cancer is a acute presentation of colorectal cancer, a oncological condition."
DIS0153,Advanced Appendicitis,Digestive,Severe,False,"Advanced Appendicitis is a advanced presentation of appendicitis, a digestive condition."
DIS0154,Recurrent Crohn's Disease,Digestive,Severe,True,"Recurrent Crohn's Disease is a recurrent presentation of crohn's disease, a digestive condition."
DIS0155,Atypical Type 1 Diabetes Mellitus,Endocrine,Severe,True,"Atypical Type 1 Diabetes Mellitus is a atypical presentation of type 1 diabetes mellitus, a endocrine condition."
DIS0156,Recurrent Malaria,Infectious,Severe,True,"Recurrent Malaria is a recurrent presentation of malaria, a infectious condition."
DIS0157,Recurrent Psoriasis,Dermatological,Moderate,True,"Recurrent Psoriasis is a recurrent presentation of psoriasis, a dermatological condition."
DIS0158,Mild Bipolar Disorder,Psychiatric,Severe,True,"Mild Bipolar Disorder is a mild presentation of bipolar disorder, a psychiatric condition."
DIS0159,Recurrent Generalized Anxiety Disorder,Psychiatric,Moderate,True,"Recurrent Generalized Anxiety Disorder is a recurrent presentation of generalized anxiety disorder, a psychiatric condition."
DIS0160,Severe Benign Prostatic Hyperplasia,Urological,Severe,True,"Severe Benign Prostatic Hyperplasia is a severe presentation of benign prostatic hyperplasia, a urological condition."
DIS0161,Early-Stage Prostate Cancer,Oncological,Severe,True,"Early-Stage Prostate Cancer is a early-stage presentation of prostate cancer, a oncological condition."
DIS0162,Mild Fungal Skin Infection,Dermatological,Mild,False,"Mild Fungal Skin Infection is a mild presentation of fungal skin infection, a dermatological condition."
DIS0163,Early-Stage Multiple Sclerosis,Neurological,Severe,True,"Early-Stage Multiple Sclerosis is a early-stage presentation of multiple sclerosis, a neurological condition."
DIS0164,Mild Peptic Ulcer Disease,Digestive,Moderate,True,"Mild Peptic Ulcer Disease is a mild presentation of peptic ulcer disease, a digestive condition."
DIS0165,Severe Appendicitis,Digestive,Severe,False,"Severe Appendicitis is a severe presentation of appendicitis, a digestive condition."
DIS0166,Mild Deep Vein Thrombosis,Cardiovascular,Severe,False,"Mild Deep Vein Thrombosis is a mild presentation of deep vein thrombosis, a cardiovascular condition."
DIS0167,Severe Urticaria,Dermatological,Severe,False,"Severe Urticaria is a severe presentation of urticaria, a dermatological condition."
DIS0168,Recurrent Bell's Palsy,Neurological,Moderate,True,"Recurrent Bell's Palsy is a recurrent presentation of bell's palsy, a neurological condition."
DIS0169,Severe Type 1 Diabetes Mellitus,Endocrine,Severe,True,"Severe Type 1 Diabetes Mellitus is a severe presentation of type 1 diabetes mellitus, a endocrine condition."
DIS0170,Acute Deep Vein Thrombosis,Cardiovascular,Severe,False,"Acute Deep Vein Thrombosis is a acute presentation of deep vein thrombosis, a cardiovascular condition."
DIS0171,Atypical Lupus,Immunological,Severe,True,"Atypical Lupus is a atypical presentation of lupus, a immunological condition."
DIS0172,Advanced Hepatitis C,Infectious,Severe,True,"Advanced Hepatitis C is a advanced presentation of hepatitis c, a infectious condition."
DIS0173,Recurrent COVID-19,Respiratory,Moderate,True,"Recurrent COVID-19 is a recurrent presentation of covid-19, a respiratory condition."
DIS0174,Mild Epilepsy,Neurological,Severe,True,"Mild Epilepsy is a mild presentation of epilepsy, a neurological condition."
DIS0175,Recurrent Food Allergy,Immunological,Moderate,True,"Recurrent Food Allergy is a recurrent presentation of food allergy, a immunological condition."
DIS0176,Atypical Insomnia Disorder,Psychiatric,Mild,True,"Atypical Insomnia Disorder is a atypical presentation of insomnia disorder, a psychiatric condition."
DIS0177,Recurrent Benign Prostatic Hyperplasia,Urological,Moderate,True,"Recurrent Benign Prostatic Hyperplasia is a recurrent presentation of benign prostatic hyperplasia, a urological condition."
DIS0178,Atypical Fungal Skin Infection,Dermatological,Mild,False,"Atypical Fungal Skin Infection is a atypical presentation of fungal skin infection, a dermatological condition."
DIS0179,Mild HIV/AIDS,Infectious,Severe,True,"Mild HIV/AIDS is a mild presentation of hiv/aids, a infectious condition."
DIS0180,Early-Stage Hypothyroidism,Endocrine,Moderate,True,"Early-Stage Hypothyroidism is a early-stage presentation of hypothyroidism, a endocrine condition."
DIS0181,Acute Eczema,Dermatological,Mild,True,"Acute Eczema is a acute presentation of eczema, a dermatological condition."
DIS0182,Acute Glaucoma,Ophthalmological,Severe,True,"Acute Glaucoma is a acute presentation of glaucoma, a ophthalmological condition."
DIS0183,Advanced Peptic Ulcer Disease,Digestive,Moderate,True,"Advanced Peptic Ulcer Disease is a advanced presentation of peptic ulcer disease, a digestive condition."
DIS0184,Early-Stage Irritable Bowel Syndrome,Digestive,Moderate,True,"Early-Stage Irritable Bowel Syndrome is a early-stage presentation of irritable bowel syndrome, a digestive condition."
DIS0185,Mild Pharyngitis,Respiratory,Mild,False,"Mild Pharyngitis is a mild presentation of pharyngitis, a respiratory condition."
DIS0186,Atypical Tuberculosis,Respiratory,Severe,True,"Atypical Tuberculosis is a atypical presentation of tuberculosis, a respiratory condition."
DIS0187,Recurrent Arrhythmia,Cardiovascular,Moderate,True,"Recurrent Arrhythmia is a recurrent presentation of arrhythmia, a cardiovascular condition."
DIS0188,Mild Migraine,Neurological,Moderate,True,"Mild Migraine is a mild presentation of migraine, a neurological condition."
DIS0189,Acute Gastroenteritis,Digestive,Moderate,False,"Acute Gastroenteritis is a acute presentation of gastroenteritis, a digestive condition."
DIS0190,Atypical Osteoporosis,Musculoskeletal,Moderate,True,"Atypical Osteoporosis is a atypical presentation of osteoporosis, a musculoskeletal condition."
DIS0191,Chronic Influenza,Respiratory,Moderate,True,"Chronic Influenza is a chronic presentation of influenza, a respiratory condition."
DIS0192,Mild Multiple Sclerosis,Neurological,Severe,True,"Mild Multiple Sclerosis is a mild presentation of multiple sclerosis, a neurological condition."
DIS0193,Mild Chronic Kidney Disease,Urological,Severe,True,"Mild Chronic Kidney Disease is a mild presentation of chronic kidney disease, a urological condition."
DIS0194,Acute Benign Prostatic Hyperplasia,Urological,Moderate,True,"Acute Benign Prostatic Hyperplasia is a acute presentation of benign prostatic hyperplasia, a urological condition."
DIS0195,Early-Stage Benign Prostatic Hyperplasia,Urological,Moderate,True,"Early-Stage Benign Prostatic Hyperplasia is a early-stage presentation of benign prostatic hyperplasia, a urological condition."
DIS0196,Early-Stage Bronchitis,Respiratory,Moderate,False,"Early-Stage Bronchitis is a early-stage presentation of bronchitis, a respiratory condition."
DIS0197,Acute Breast Cancer,Oncological,Severe,True,"Acute Breast Cancer is a acute presentation of breast cancer, a oncological condition."
DIS0198,Acute Malaria,Infectious,Severe,False,"Acute Malaria is a acute presentation of malaria, a infectious condition."
DIS0199,Acute Kidney Stones,Urological,Severe,False,"Acute Kidney Stones is a acute presentation of kidney stones, a urological condition."
DIS0200,Advanced Asthma,Respiratory,Moderate,True,"Advanced Asthma is a advanced presentation of asthma, a respiratory condition."
DIS0201,Mild Arrhythmia,Cardiovascular,Moderate,True,"Mild Arrhythmia is a mild presentation of arrhythmia, a cardiovascular condition."
DIS0202,Acute Sinusitis,Respiratory,Mild,False,"Acute Sinusitis is a acute presentation of sinusitis, a respiratory condition."
DIS0203,Advanced Epilepsy,Neurological,Severe,True,"Advanced Epilepsy is a advanced presentation of epilepsy, a neurological condition."
DIS0204,Mild Dengue Fever,Infectious,Severe,False,"Mild Dengue Fever is a mild presentation of dengue fever, a infectious condition."
DIS0205,Atypical Osteoarthritis,Musculoskeletal,Moderate,True,"Atypical Osteoarthritis is a atypical presentation of osteoarthritis, a musculoskeletal condition."
DIS0206,Atypical Multiple Sclerosis,Neurological,Severe,True,"Atypical Multiple Sclerosis is a atypical presentation of multiple sclerosis, a neurological condition."
DIS0207,Early-Stage Gout,Musculoskeletal,Moderate,True,"Early-Stage Gout is a early-stage presentation of gout, a musculoskeletal condition."
DIS0208,Atypical Gout,Musculoskeletal,Moderate,True,"Atypical Gout is a atypical presentation of gout, a musculoskeletal condition."
DIS0209,Recurrent Acne Vulgaris,Dermatological,Mild,True,"Recurrent Acne Vulgaris is a recurrent presentation of acne vulgaris, a dermatological condition."
DIS0210,Atypical Urinary Tract Infection,Urological,Mild,False,"Atypical Urinary Tract Infection is a atypical presentation of urinary tract infection, a urological condition."
DIS0211,Recurrent Prostate Cancer,Oncological,Severe,True,"Recurrent Prostate Cancer is a recurrent presentation of prostate cancer, a oncological condition."
DIS0212,Severe HIV/AIDS,Infectious,Severe,True,"Severe HIV/AIDS is a severe presentation of hiv/aids, a infectious condition."
DIS0213,Mild Gout,Musculoskeletal,Moderate,True,"Mild Gout is a mild presentation of gout, a musculoskeletal condition."
DIS0214,Acute Chickenpox,Infectious,Mild,False,"Acute Chickenpox is a acute presentation of chickenpox, a infectious condition."
DIS0215,Mild Gastroenteritis,Digestive,Moderate,False,"Mild Gastroenteritis is a mild presentation of gastroenteritis, a digestive condition."
DIS0216,Chronic Type 1 Diabetes Mellitus,Endocrine,Severe,True,"Chronic Type 1 Diabetes Mellitus is a chronic presentation of type 1 diabetes mellitus, a endocrine condition."
DIS0217,Chronic Chronic Kidney Disease,Urological,Severe,True,"Chronic Chronic Kidney Disease is a chronic presentation of chronic kidney disease, a urological condition."
DIS0218,Acute Fibromyalgia,Musculoskeletal,Moderate,True,"Acute Fibromyalgia is a acute presentation of fibromyalgia, a musculoskeletal condition."
DIS0219,Recurrent Epilepsy,Neurological,Severe,True,"Recurrent Epilepsy is a recurrent presentation of epilepsy, a neurological condition."
DIS0220,Atypical Rheumatoid Arthritis,Musculoskeletal,Severe,True,"Atypical Rheumatoid Arthritis is a atypical presentation of rheumatoid arthritis, a musculoskeletal condition."
DIS0221,Mild Common Cold,Respiratory,Mild,False,"Mild Common Cold is a mild presentation of common cold, a respiratory condition."
DIS0222,Early-Stage Arrhythmia,Cardiovascular,Moderate,True,"Early-Stage Arrhythmia is a early-stage presentation of arrhythmia, a cardiovascular condition."
DIS0223,Recurrent Chickenpox,Infectious,Mild,True,"Recurrent Chickenpox is a recurrent presentation of chickenpox, a infectious condition."
DIS0224,Early-Stage Tonsillitis,ENT,Mild,False,"Early-Stage Tonsillitis is a early-stage presentation of tonsillitis, a ent condition."
DIS0225,Atypical Allergic Rhinitis,Immunological,Mild,True,"Atypical Allergic Rhinitis is a atypical presentation of allergic rhinitis, a immunological condition."
DIS0226,Severe Pancreatitis,Digestive,Severe,False,"Severe Pancreatitis is a severe presentation of pancreatitis, a digestive condition."
DIS0227,Mild Gallstones,Digestive,Moderate,False,"Mild Gallstones is a mild presentation of gallstones, a digestive condition."
DIS0228,Atypical Prostate Cancer,Oncological,Severe,True,"Atypical Prostate Cancer is a atypical presentation of prostate cancer, a oncological condition."
DIS0229,Chronic Bipolar Disorder,Psychiatric,Severe,True,"Chronic Bipolar Disorder is a chronic presentation of bipolar disorder, a psychiatric condition."
DIS0230,Chronic Insomnia Disorder,Psychiatric,Mild,True,"Chronic Insomnia Disorder is a chronic presentation of insomnia disorder, a psychiatric condition."
DIS0231,Early-Stage Acne Vulgaris,Dermatological,Mild,True,"Early-Stage Acne Vulgaris is a early-stage presentation of acne vulgaris, a dermatological condition."
DIS0232,Advanced Pancreatitis,Digestive,Severe,False,"Advanced Pancreatitis is a advanced presentation of pancreatitis, a digestive condition."
DIS0233,Recurrent Allergic Rhinitis,Immunological,Mild,True,"Recurrent Allergic Rhinitis is a recurrent presentation of allergic rhinitis, a immunological condition."
DIS0234,Recurrent Appendicitis,Digestive,Severe,True,"Recurrent Appendicitis is a recurrent presentation of appendicitis, a digestive condition."
DIS0235,Chronic Urticaria,Dermatological,Mild,True,"Chronic Urticaria is a chronic presentation of urticaria, a dermatological condition."
DIS0236,Severe Influenza,Respiratory,Severe,False,"Severe Influenza is a severe presentation of influenza, a respiratory condition."
DIS0237,Mild Hypothyroidism,Endocrine,Moderate,True,"Mild Hypothyroidism is a mild presentation of hypothyroidism, a endocrine condition."
DIS0238,Recurrent Sinusitis,Respiratory,Mild,True,"Recurrent Sinusitis is a recurrent presentation of sinusitis, a respiratory condition."
DIS0239,Mild Major Depressive Disorder,Psychiatric,Moderate,True,"Mild Major Depressive Disorder is a mild presentation of major depressive disorder, a psychiatric condition."
DIS0240,Acute Insomnia Disorder,Psychiatric,Mild,True,"Acute Insomnia Disorder is a acute presentation of insomnia disorder, a psychiatric condition."
DIS0241,Mild Measles,Infectious,Moderate,False,"Mild Measles is a mild presentation of measles, a infectious condition."
DIS0242,Advanced Rheumatoid Arthritis,Musculoskeletal,Severe,True,"Advanced Rheumatoid Arthritis is a advanced presentation of rheumatoid arthritis, a musculoskeletal condition."
DIS0243,Severe Deep Vein Thrombosis,Cardiovascular,Severe,False,"Severe Deep Vein Thrombosis is a severe presentation of deep vein thrombosis, a cardiovascular condition."
DIS0244,Atypical Pneumonia,Respiratory,Severe,False,"Atypical Pneumonia is a atypical presentation of pneumonia, a respiratory condition."
DIS0245,Chronic Lower Back Strain,Musculoskeletal,Mild,True,"Chronic Lower Back Strain is a chronic presentation of lower back strain, a musculoskeletal condition."
DIS0246,Acute Vertigo,ENT,Moderate,False,"Acute Vertigo is a acute presentation of vertigo, a ent condition."
DIS0247,Severe Osteoporosis,Musculoskeletal,Severe,True,"Severe Osteoporosis is a severe presentation of osteoporosis, a musculoskeletal condition."
DIS0248,Chronic Generalized Anxiety Disorder,Psychiatric,Moderate,True,"Chronic Generalized Anxiety Disorder is a chronic presentation of generalized anxiety disorder, a psychiatric condition."
DIS0249,Recurrent Cirrhosis,Digestive,Severe,True,"Recurrent Cirrhosis is a recurrent presentation of cirrhosis, a digestive condition."
DIS0250,Early-Stage Urticaria,Dermatological,Mild,False,"Early-Stage Urticaria is a early-stage presentation of urticaria, a dermatological condition."
DIS0251,Early-Stage Tuberculosis,Respiratory,Severe,True,"Early-Stage Tuberculosis is a early-stage presentation of tuberculosis, a respiratory condition."
DIS0252,Atypical Colorectal Cancer,Oncological,Severe,True,"Atypical Colorectal Cancer is a atypical presentation of colorectal cancer, a oncological condition."
DIS0253,Mild Cirrhosis,Digestive,Severe,True,"Mild Cirrhosis is a mild presentation of cirrhosis, a digestive condition."
DIS0254,Atypical Urticaria,Dermatological,Mild,False,"Atypical Urticaria is a atypical presentation of urticaria, a dermatological condition."
DIS0255,Advanced Alzheimer's Disease,Neurological,Severe,True,"Advanced Alzheimer's Disease is a advanced presentation of alzheimer's disease, a neurological condition."
DIS0256,Recurrent Asthma,Respiratory,Moderate,True,"Recurrent Asthma is a recurrent presentation of asthma, a respiratory condition."
DIS0257,Early-Stage Sinusitis,Respiratory,Mild,False,"Early-Stage Sinusitis is a early-stage presentation of sinusitis, a respiratory condition."
DIS0258,Mild Eczema,Dermatological,Mild,True,"Mild Eczema is a mild presentation of eczema, a dermatological condition."
DIS0259,Atypical Chickenpox,Infectious,Mild,False,"Atypical Chickenpox is a atypical presentation of chickenpox, a infectious condition."
DIS0260,Recurrent Glaucoma,Ophthalmological,Severe,True,"Recurrent Glaucoma is a recurrent presentation of glaucoma, a ophthalmological condition."
DIS0261,Recurrent Osteoarthritis,Musculoskeletal,Moderate,True,"Recurrent Osteoarthritis is a recurrent presentation of osteoarthritis, a musculoskeletal condition."
DIS0262,Advanced Benign Prostatic Hyperplasia,Urological,Moderate,True,"Advanced Benign Prostatic Hyperplasia is a advanced presentation of benign prostatic hyperplasia, a urological condition."
DIS0263,Mild Glaucoma,Ophthalmological,Severe,True,"Mild Glaucoma is a mild presentation of glaucoma, a ophthalmological condition."
DIS0264,Recurrent Hepatitis C,Infectious,Severe,True,"Recurrent Hepatitis C is a recurrent presentation of hepatitis c, a infectious condition."
DIS0265,Acute Influenza,Respiratory,Moderate,False,"Acute Influenza is a acute presentation of influenza, a respiratory condition."
DIS0266,Acute Chronic Kidney Disease,Urological,Severe,True,"Acute Chronic Kidney Disease is a acute presentation of chronic kidney disease, a urological condition."
DIS0267,Severe Osteoarthritis,Musculoskeletal,Severe,True,"Severe Osteoarthritis is a severe presentation of osteoarthritis, a musculoskeletal condition."
DIS0268,Chronic Hypothyroidism,Endocrine,Moderate,True,"Chronic Hypothyroidism is a chronic presentation of hypothyroidism, a endocrine condition."
DIS0269,Severe Gastroenteritis,Digestive,Severe,False,"Severe Gastroenteritis is a severe presentation of gastroenteritis, a digestive condition."
DIS0270,Recurrent Insomnia Disorder,Psychiatric,Mild,True,"Recurrent Insomnia Disorder is a recurrent presentation of insomnia disorder, a psychiatric condition."
DIS0271,Severe Measles,Infectious,Severe,False,"Severe Measles is a severe presentation of measles, a infectious condition."
DIS0272,Advanced Type 2 Diabetes Mellitus,Endocrine,Moderate,True,"Advanced Type 2 Diabetes Mellitus is a advanced presentation of type 2 diabetes mellitus, a endocrine condition."
DIS0273,Acute Fungal Skin Infection,Dermatological,Mild,False,"Acute Fungal Skin Infection is a acute presentation of fungal skin infection, a dermatological condition."
DIS0274,Advanced Prostate Cancer,Oncological,Severe,True,"Advanced Prostate Cancer is a advanced presentation of prostate cancer, a oncological condition."
DIS0275,Early-Stage Gastroesophageal Reflux Disease,Digestive,Mild,True,"Early-Stage Gastroesophageal Reflux Disease is a early-stage presentation of gastroesophageal reflux disease, a digestive condition."
DIS0276,Mild Anemia,Hematological,Moderate,True,"Mild Anemia is a mild presentation of anemia, a hematological condition."
DIS0277,Atypical Measles,Infectious,Moderate,False,"Atypical Measles is a atypical presentation of measles, a infectious condition."
DIS0278,Atypical Hypothyroidism,Endocrine,Moderate,True,"Atypical Hypothyroidism is a atypical presentation of hypothyroidism, a endocrine condition."
DIS0279,Severe Alzheimer's Disease,Neurological,Severe,True,"Severe Alzheimer's Disease is a severe presentation of alzheimer's disease, a neurological condition."
DIS0280,Severe Parkinson's Disease,Neurological,Severe,True,"Severe Parkinson's Disease is a severe presentation of parkinson's disease, a neurological condition."
DIS0281,Recurrent Migraine,Neurological,Moderate,True,"Recurrent Migraine is a recurrent presentation of migraine, a neurological condition."
DIS0282,Advanced Hyperthyroidism,Endocrine,Moderate,True,"Advanced Hyperthyroidism is a advanced presentation of hyperthyroidism, a endocrine condition."
DIS0283,Chronic Major Depressive Disorder,Psychiatric,Moderate,True,"Chronic Major Depressive Disorder is a chronic presentation of major depressive disorder, a psychiatric condition."
DIS0284,Advanced Influenza,Respiratory,Moderate,False,"Advanced Influenza is a advanced presentation of influenza, a respiratory condition."
DIS0285,Chronic Hepatitis A,Infectious,Moderate,True,"Chronic Hepatitis A is a chronic presentation of hepatitis a, a infectious condition."
DIS0286,Recurrent Parkinson's Disease,Neurological,Severe,True,"Recurrent Parkinson's Disease is a recurrent presentation of parkinson's disease, a neurological condition."
DIS0287,Recurrent Gastroesophageal Reflux Disease,Digestive,Mild,True,"Recurrent Gastroesophageal Reflux Disease is a recurrent presentation of gastroesophageal reflux disease, a digestive condition."
DIS0288,Early-Stage Generalized Anxiety Disorder,Psychiatric,Moderate,True,"Early-Stage Generalized Anxiety Disorder is a early-stage presentation of generalized anxiety disorder, a psychiatric condition."
DIS0289,Recurrent Ulcerative Colitis,Digestive,Severe,True,"Recurrent Ulcerative Colitis is a recurrent presentation of ulcerative colitis, a digestive condition."
DIS0290,Early-Stage Chronic Kidney Disease,Urological,Severe,True,"Early-Stage Chronic Kidney Disease is a early-stage presentation of chronic kidney disease, a urological condition."
DIS0291,Chronic Arrhythmia,Cardiovascular,Moderate,True,"Chronic Arrhythmia is a chronic presentation of arrhythmia, a cardiovascular condition."
DIS0292,Early-Stage Measles,Infectious,Moderate,False,"Early-Stage Measles is a early-stage presentation of measles, a infectious condition."
DIS0293,Recurrent Measles,Infectious,Moderate,True,"Recurrent Measles is a recurrent presentation of measles, a infectious condition."
DIS0294,Early-Stage Ulcerative Colitis,Digestive,Severe,True,"Early-Stage Ulcerative Colitis is a early-stage presentation of ulcerative colitis, a digestive condition."
DIS0295,Severe Typhoid Fever,Infectious,Severe,False,"Severe Typhoid Fever is a severe presentation of typhoid fever, a infectious condition."
DIS0296,Recurrent Colorectal Cancer,Oncological,Severe,True,"Recurrent Colorectal Cancer is a recurrent presentation of colorectal cancer, a oncological condition."
DIS0297,Severe Cataract,Ophthalmological,Severe,True,"Severe Cataract is a severe presentation of cataract, a ophthalmological condition."
DIS0298,Early-Stage Hyperthyroidism,Endocrine,Moderate,True,"Early-Stage Hyperthyroidism is a early-stage presentation of hyperthyroidism, a endocrine condition."
DIS0299,Recurrent Pneumonia,Respiratory,Severe,True,"Recurrent Pneumonia is a recurrent presentation of pneumonia, a respiratory condition."
DIS0300,Recurrent Pharyngitis,Respiratory,Mild,True,"Recurrent Pharyngitis is a recurrent presentation of pharyngitis, a respiratory condition."
DIS0301,Advanced Hepatitis B,Infectious,Severe,True,"Advanced Hepatitis B is a advanced presentation of hepatitis b, a infectious condition."
DIS0302,Acute Common Cold,Respiratory,Mild,False,"Acute Common Cold is a acute presentation of common cold, a respiratory condition."
DIS0303,Recurrent Lung Cancer,Oncological,Severe,True,"Recurrent Lung Cancer is a recurrent presentation of lung cancer, a oncological condition."
DIS0304,Chronic Eczema,Dermatological,Mild,True,"Chronic Eczema is a chronic presentation of eczema, a dermatological condition."
DIS0305,Chronic Leukemia,Hematological,Severe,True,"Chronic Leukemia is a chronic presentation of leukemia, a hematological condition."
DIS0306,Early-Stage COVID-19,Respiratory,Moderate,False,"Early-Stage COVID-19 is a early-stage presentation of covid-19, a respiratory condition."
DIS0307,Mild Benign Prostatic Hyperplasia,Urological,Moderate,True,"Mild Benign Prostatic Hyperplasia is a mild presentation of benign prostatic hyperplasia, a urological condition."
DIS0308,Chronic Ulcerative Colitis,Digestive,Severe,True,"Chronic Ulcerative Colitis is a chronic presentation of ulcerative colitis, a digestive condition."
DIS0309,Advanced Chickenpox,Infectious,Mild,False,"Advanced Chickenpox is a advanced presentation of chickenpox, a infectious condition."
DIS0310,Acute Migraine,Neurological,Moderate,True,"Acute Migraine is a acute presentation of migraine, a neurological condition."
DIS0311,Early-Stage Food Allergy,Immunological,Moderate,True,"Early-Stage Food Allergy is a early-stage presentation of food allergy, a immunological condition."
DIS0312,Early-Stage Lupus,Immunological,Severe,True,"Early-Stage Lupus is a early-stage presentation of lupus, a immunological condition."
DIS0313,Chronic Fibromyalgia,Musculoskeletal,Moderate,True,"Chronic Fibromyalgia is a chronic presentation of fibromyalgia, a musculoskeletal condition."
DIS0314,Advanced Fungal Skin Infection,Dermatological,Mild,False,"Advanced Fungal Skin Infection is a advanced presentation of fungal skin infection, a dermatological condition."
DIS0315,Recurrent Urticaria,Dermatological,Mild,True,"Recurrent Urticaria is a recurrent presentation of urticaria, a dermatological condition."
DIS0316,Early-Stage Heart Failure,Cardiovascular,Severe,True,"Early-Stage Heart Failure is a early-stage presentation of heart failure, a cardiovascular condition."
DIS0317,Chronic Anemia,Hematological,Moderate,True,"Chronic Anemia is a chronic presentation of anemia, a hematological condition."
DIS0318,Severe Breast Cancer,Oncological,Severe,True,"Severe Breast Cancer is a severe presentation of breast cancer, a oncological condition."
DIS0319,Mild Fibromyalgia,Musculoskeletal,Moderate,True,"Mild Fibromyalgia is a mild presentation of fibromyalgia, a musculoskeletal condition."
DIS0320,Severe Eczema,Dermatological,Severe,True,"Severe Eczema is a severe presentation of eczema, a dermatological condition."
DIS0321,Acute Pancreatitis,Digestive,Severe,False,"Acute Pancreatitis is a acute presentation of pancreatitis, a digestive condition."
DIS0322,Severe Lupus,Immunological,Severe,True,"Severe Lupus is a severe presentation of lupus, a immunological condition."
DIS0323,Chronic Thrombocytopenia,Hematological,Moderate,True,"Chronic Thrombocytopenia is a chronic presentation of thrombocytopenia, a hematological condition."
DIS0324,Advanced Colorectal Cancer,Oncological,Severe,True,"Advanced Colorectal Cancer is a advanced presentation of colorectal cancer, a oncological condition."
DIS0325,Recurrent Kidney Stones,Urological,Severe,True,"Recurrent Kidney Stones is a recurrent presentation of kidney stones, a urological condition."
DIS0326,Mild Ulcerative Colitis,Digestive,Severe,True,"Mild Ulcerative Colitis is a mild presentation of ulcerative colitis, a digestive condition."
DIS0327,Early-Stage Typhoid Fever,Infectious,Severe,False,"Early-Stage Typhoid Fever is a early-stage presentation of typhoid fever, a infectious condition."
DIS0328,Severe Sinusitis,Respiratory,Severe,False,"Severe Sinusitis is a severe presentation of sinusitis, a respiratory condition."
DIS0329,Mild Prostate Cancer,Oncological,Severe,True,"Mild Prostate Cancer is a mild presentation of prostate cancer, a oncological condition."
DIS0330,Recurrent Eczema,Dermatological,Mild,True,"Recurrent Eczema is a recurrent presentation of eczema, a dermatological condition."
DIS0331,Advanced Vertigo,ENT,Moderate,False,"Advanced Vertigo is a advanced presentation of vertigo, a ent condition."
DIS0332,Mild Acne Vulgaris,Dermatological,Mild,True,"Mild Acne Vulgaris is a mild presentation of acne vulgaris, a dermatological condition."
DIS0333,Acute Bronchitis,Respiratory,Moderate,False,"Acute Bronchitis is a acute presentation of bronchitis, a respiratory condition."
DIS0334,Severe Common Cold,Respiratory,Severe,False,"Severe Common Cold is a severe presentation of common cold, a respiratory condition."
DIS0335,Acute Alzheimer's Disease,Neurological,Severe,True,"Acute Alzheimer's Disease is a acute presentation of alzheimer's disease, a neurological condition."
DIS0336,Atypical Pharyngitis,Respiratory,Mild,False,"Atypical Pharyngitis is a atypical presentation of pharyngitis, a respiratory condition."
DIS0337,Chronic Measles,Infectious,Moderate,True,"Chronic Measles is a chronic presentation of measles, a infectious condition."
DIS0338,Mild Parkinson's Disease,Neurological,Severe,True,"Mild Parkinson's Disease is a mild presentation of parkinson's disease, a neurological condition."
DIS0339,Mild Lower Back Strain,Musculoskeletal,Mild,False,"Mild Lower Back Strain is a mild presentation of lower back strain, a musculoskeletal condition."
DIS0340,Advanced Type 1 Diabetes Mellitus,Endocrine,Severe,True,"Advanced Type 1 Diabetes Mellitus is a advanced presentation of type 1 diabetes mellitus, a endocrine condition."
DIS0341,Recurrent Dengue Fever,Infectious,Severe,True,"Recurrent Dengue Fever is a recurrent presentation of dengue fever, a infectious condition."
DIS0342,Early-Stage Epilepsy,Neurological,Severe,True,"Early-Stage Epilepsy is a early-stage presentation of epilepsy, a neurological condition."
DIS0343,Severe Type 2 Diabetes Mellitus,Endocrine,Severe,True,"Severe Type 2 Diabetes Mellitus is a severe presentation of type 2 diabetes mellitus, a endocrine condition."
DIS0344,Chronic Dengue Fever,Infectious,Severe,True,"Chronic Dengue Fever is a chronic presentation of dengue fever, a infectious condition."
DIS0345,Severe Lung Cancer,Oncological,Severe,True,"Severe Lung Cancer is a severe presentation of lung cancer, a oncological condition."
DIS0346,Severe Cirrhosis,Digestive,Severe,True,"Severe Cirrhosis is a severe presentation of cirrhosis, a digestive condition."
DIS0347,Advanced Stroke,Cardiovascular,Severe,False,"Advanced Stroke is a advanced presentation of stroke, a cardiovascular condition."
DIS0348,Severe Hypertension,Cardiovascular,Severe,True,"Severe Hypertension is a severe presentation of hypertension, a cardiovascular condition."
DIS0349,Early-Stage Kidney Stones,Urological,Severe,False,"Early-Stage Kidney Stones is a early-stage presentation of kidney stones, a urological condition."
DIS0350,Advanced Glaucoma,Ophthalmological,Severe,True,"Advanced Glaucoma is a advanced presentation of glaucoma, a ophthalmological condition."
DIS0351,Recurrent Tonsillitis,ENT,Mild,True,"Recurrent Tonsillitis is a recurrent presentation of tonsillitis, a ent condition."
DIS0352,Chronic Stroke,Cardiovascular,Severe,True,"Chronic Stroke is a chronic presentation of stroke, a cardiovascular condition."
DIS0353,Acute Gallstones,Digestive,Moderate,False,"Acute Gallstones is a acute presentation of gallstones, a digestive condition."
DIS0354,Mild Psoriasis,Dermatological,Moderate,True,"Mild Psoriasis is a mild presentation of psoriasis, a dermatological condition."
DIS0355,Advanced Lung Cancer,Oncological,Severe,True,"Advanced Lung Cancer is a advanced presentation of lung cancer, a oncological condition."
DIS0356,Early-Stage Leukemia,Hematological,Severe,True,"Early-Stage Leukemia is a early-stage presentation of leukemia, a hematological condition."
DIS0357,Early-Stage Thrombocytopenia,Hematological,Moderate,False,"Early-Stage Thrombocytopenia is a early-stage presentation of thrombocytopenia, a hematological condition."
DIS0358,Severe Tuberculosis,Respiratory,Severe,True,"Severe Tuberculosis is a severe presentation of tuberculosis, a respiratory condition."
DIS0359,Chronic Osteoarthritis,Musculoskeletal,Moderate,True,"Chronic Osteoarthritis is a chronic presentation of osteoarthritis, a musculoskeletal condition."
DIS0360,Chronic Asthma,Respiratory,Moderate,True,"Chronic Asthma is a chronic presentation of asthma, a respiratory condition."
DIS0361,Acute Stroke,Cardiovascular,Severe,False,"Acute Stroke is a acute presentation of stroke, a cardiovascular condition."
DIS0362,Atypical Glaucoma,Ophthalmological,Severe,True,"Atypical Glaucoma is a atypical presentation of glaucoma, a ophthalmological condition."
DIS0363,Advanced Typhoid Fever,Infectious,Severe,False,"Advanced Typhoid Fever is a advanced presentation of typhoid fever, a infectious condition."
DIS0364,Severe Hepatitis A,Infectious,Severe,False,"Severe Hepatitis A is a severe presentation of hepatitis a, a infectious condition."
DIS0365,Severe Epilepsy,Neurological,Severe,True,"Severe Epilepsy is a severe presentation of epilepsy, a neurological condition."
DIS0366,Advanced Multiple Sclerosis,Neurological,Severe,True,"Advanced Multiple Sclerosis is a advanced presentation of multiple sclerosis, a neurological condition."
DIS0367,Mild Cataract,Ophthalmological,Moderate,True,"Mild Cataract is a mild presentation of cataract, a ophthalmological condition."
DIS0368,Acute Hypothyroidism,Endocrine,Moderate,True,"Acute Hypothyroidism is a acute presentation of hypothyroidism, a endocrine condition."
DIS0369,Chronic Appendicitis,Digestive,Severe,True,"Chronic Appendicitis is a chronic presentation of appendicitis, a digestive condition."
DIS0370,Severe Migraine,Neurological,Severe,True,"Severe Migraine is a severe presentation of migraine, a neurological condition."
DIS0371,Severe Skin Cancer,Oncological,Severe,True,"Severe Skin Cancer is a severe presentation of skin cancer, a oncological condition."
DIS0372,Severe Chickenpox,Infectious,Severe,False,"Severe Chickenpox is a severe presentation of chickenpox, a infectious condition."
DIS0373,Chronic Coronary Artery Disease,Cardiovascular,Severe,True,"Chronic Coronary Artery Disease is a chronic presentation of coronary artery disease, a cardiovascular condition."
DIS0374,Early-Stage Urinary Tract Infection,Urological,Mild,False,"Early-Stage Urinary Tract Infection is a early-stage presentation of urinary tract infection, a urological condition."
DIS0375,Mild Cholera,Infectious,Severe,False,"Mild Cholera is a mild presentation of cholera, a infectious condition."
DIS0376,Mild Colorectal Cancer,Oncological,Severe,True,"Mild Colorectal Cancer is a mild presentation of colorectal cancer, a oncological condition."
DIS0377,Atypical Hepatitis B,Infectious,Severe,True,"Atypical Hepatitis B is a atypical presentation of hepatitis b, a infectious condition."
DIS0378,Mild Skin Cancer,Oncological,Severe,True,"Mild Skin Cancer is a mild presentation of skin cancer, a oncological condition."
DIS0379,Recurrent Chronic Kidney Disease,Urological,Severe,True,"Recurrent Chronic Kidney Disease is a recurrent presentation of chronic kidney disease, a urological condition."
DIS0380,Early-Stage Conjunctivitis,Ophthalmological,Mild,False,"Early-Stage Conjunctivitis is a early-stage presentation of conjunctivitis, a ophthalmological condition."
DIS0381,Acute Urticaria,Dermatological,Mild,False,"Acute Urticaria is a acute presentation of urticaria, a dermatological condition."
DIS0382,Recurrent Type 2 Diabetes Mellitus,Endocrine,Moderate,True,"Recurrent Type 2 Diabetes Mellitus is a recurrent presentation of type 2 diabetes mellitus, a endocrine condition."
DIS0383,Acute Prostate Cancer,Oncological,Severe,True,"Acute Prostate Cancer is a acute presentation of prostate cancer, a oncological condition."
DIS0384,Chronic Chickenpox,Infectious,Mild,True,"Chronic Chickenpox is a chronic presentation of chickenpox, a infectious condition."
DIS0385,Advanced Conjunctivitis,Ophthalmological,Mild,False,"Advanced Conjunctivitis is a advanced presentation of conjunctivitis, a ophthalmological condition."
DIS0386,Severe Glaucoma,Ophthalmological,Severe,True,"Severe Glaucoma is a severe presentation of glaucoma, a ophthalmological condition."
DIS0387,Mild COVID-19,Respiratory,Moderate,False,"Mild COVID-19 is a mild presentation of covid-19, a respiratory condition."
DIS0388,Advanced Crohn's Disease,Digestive,Severe,True,"Advanced Crohn's Disease is a advanced presentation of crohn's disease, a digestive condition."
DIS0389,Severe Food Allergy,Immunological,Severe,True,"Severe Food Allergy is a severe presentation of food allergy, a immunological condition."
DIS0390,Atypical Bell's Palsy,Neurological,Moderate,False,"Atypical Bell's Palsy is a atypical presentation of bell's palsy, a neurological condition."
DIS0391,Atypical Appendicitis,Digestive,Severe,False,"Atypical Appendicitis is a atypical presentation of appendicitis, a digestive condition."
DIS0392,Atypical Type 2 Diabetes Mellitus,Endocrine,Moderate,True,"Atypical Type 2 Diabetes Mellitus is a atypical presentation of type 2 diabetes mellitus, a endocrine condition."
DIS0393,Advanced Irritable Bowel Syndrome,Digestive,Moderate,True,"Advanced Irritable Bowel Syndrome is a advanced presentation of irritable bowel syndrome, a digestive condition."
DIS0394,Advanced Gout,Musculoskeletal,Moderate,True,"Advanced Gout is a advanced presentation of gout, a musculoskeletal condition."
DIS0395,Acute Asthma,Respiratory,Moderate,True,"Acute Asthma is a acute presentation of asthma, a respiratory condition."
DIS0396,Early-Stage Glaucoma,Ophthalmological,Severe,True,"Early-Stage Glaucoma is a early-stage presentation of glaucoma, a ophthalmological condition."
DIS0397,Atypical Parkinson's Disease,Neurological,Severe,True,"Atypical Parkinson's Disease is a atypical presentation of parkinson's disease, a neurological condition."
DIS0398,Mild Pancreatitis,Digestive,Severe,False,"Mild Pancreatitis is a mild presentation of pancreatitis, a digestive condition."
DIS0399,Recurrent Typhoid Fever,Infectious,Severe,True,"Recurrent Typhoid Fever is a recurrent presentation of typhoid fever, a infectious condition."
DIS0400,Recurrent Hepatitis B,Infectious,Severe,True,"Recurrent Hepatitis B is a recurrent presentation of hepatitis b, a infectious condition."
DIS0401,Severe Bell's Palsy,Neurological,Severe,False,"Severe Bell's Palsy is a severe presentation of bell's palsy, a neurological condition."
DIS0402,Atypical Generalized Anxiety Disorder,Psychiatric,Moderate,True,"Atypical Generalized Anxiety Disorder is a atypical presentation of generalized anxiety disorder, a psychiatric condition."
DIS0403,Advanced Acne Vulgaris,Dermatological,Mild,True,"Advanced Acne Vulgaris is a advanced presentation of acne vulgaris, a dermatological condition."
DIS0404,Mild Stroke,Cardiovascular,Severe,False,"Mild Stroke is a mild presentation of stroke, a cardiovascular condition."
DIS0405,Mild Insomnia Disorder,Psychiatric,Mild,True,"Mild Insomnia Disorder is a mild presentation of insomnia disorder, a psychiatric condition."
DIS0406,Severe Tonsillitis,ENT,Severe,False,"Severe Tonsillitis is a severe presentation of tonsillitis, a ent condition."
DIS0407,Severe Asthma,Respiratory,Severe,True,"Severe Asthma is a severe presentation of asthma, a respiratory condition."
DIS0408,Atypical Ulcerative Colitis,Digestive,Severe,True,"Atypical Ulcerative Colitis is a atypical presentation of ulcerative colitis, a digestive condition."
DIS0409,Advanced Urticaria,Dermatological,Mild,False,"Advanced Urticaria is a advanced presentation of urticaria, a dermatological condition."
DIS0410,Recurrent Deep Vein Thrombosis,Cardiovascular,Severe,True,"Recurrent Deep Vein Thrombosis is a recurrent presentation of deep vein thrombosis, a cardiovascular condition."
DIS0411,Recurrent Stroke,Cardiovascular,Severe,True,"Recurrent Stroke is a recurrent presentation of stroke, a cardiovascular condition."
DIS0412,Mild Malaria,Infectious,Severe,False,"Mild Malaria is a mild presentation of malaria, a infectious condition."
DIS0413,Early-Stage Pancreatitis,Digestive,Severe,False,"Early-Stage Pancreatitis is a early-stage presentation of pancreatitis, a digestive condition."
DIS0414,Advanced Anemia,Hematological,Moderate,True,"Advanced Anemia is a advanced presentation of anemia, a hematological condition."
DIS0415,Advanced Thrombocytopenia,Hematological,Moderate,False,"Advanced Thrombocytopenia is a advanced presentation of thrombocytopenia, a hematological condition."
DIS0416,Mild Pneumonia,Respiratory,Severe,False,"Mild Pneumonia is a mild presentation of pneumonia, a respiratory condition."
DIS0417,Chronic Acne Vulgaris,Dermatological,Mild,True,"Chronic Acne Vulgaris is a chronic presentation of acne vulgaris, a dermatological condition."
DIS0418,Early-Stage Lung Cancer,Oncological,Severe,True,"Early-Stage Lung Cancer is a early-stage presentation of lung cancer, a oncological condition."
DIS0419,Early-Stage Type 1 Diabetes Mellitus,Endocrine,Severe,True,"Early-Stage Type 1 Diabetes Mellitus is a early-stage presentation of type 1 diabetes mellitus, a endocrine condition."
DIS0420,Atypical Bipolar Disorder,Psychiatric,Severe,True,"Atypical Bipolar Disorder is a atypical presentation of bipolar disorder, a psychiatric condition."
DIS0421,Recurrent Influenza,Respiratory,Moderate,True,"Recurrent Influenza is a recurrent presentation of influenza, a respiratory condition."
DIS0422,Advanced Bronchitis,Respiratory,Moderate,False,"Advanced Bronchitis is a advanced presentation of bronchitis, a respiratory condition."
DIS0423,Atypical Kidney Stones,Urological,Severe,False,"Atypical Kidney Stones is a atypical presentation of kidney stones, a urological condition."
DIS0424,Acute Hyperthyroidism,Endocrine,Moderate,True,"Acute Hyperthyroidism is a acute presentation of hyperthyroidism, a endocrine condition."
DIS0425,Recurrent Major Depressive Disorder,Psychiatric,Moderate,True,"Recurrent Major Depressive Disorder is a recurrent presentation of major depressive disorder, a psychiatric condition."
DIS0426,Recurrent Lupus,Immunological,Severe,True,"Recurrent Lupus is a recurrent presentation of lupus, a immunological condition."
DIS0427,Recurrent Multiple Sclerosis,Neurological,Severe,True,"Recurrent Multiple Sclerosis is a recurrent presentation of multiple sclerosis, a neurological condition."
DIS0428,Atypical Influenza,Respiratory,Moderate,False,"Atypical Influenza is a atypical presentation of influenza, a respiratory condition."
DIS0429,Early-Stage Cholera,Infectious,Severe,False,"Early-Stage Cholera is a early-stage presentation of cholera, a infectious condition."
DIS0430,Chronic Hyperthyroidism,Endocrine,Moderate,True,"Chronic Hyperthyroidism is a chronic presentation of hyperthyroidism, a endocrine condition."
DIS0431,Advanced Measles,Infectious,Moderate,False,"Advanced Measles is a advanced presentation of measles, a infectious condition."
DIS0432,Acute Type 2 Diabetes Mellitus,Endocrine,Moderate,True,"Acute Type 2 Diabetes Mellitus is a acute presentation of type 2 diabetes mellitus, a endocrine condition."
DIS0433,Chronic Peptic Ulcer Disease,Digestive,Moderate,True,"Chronic Peptic Ulcer Disease is a chronic presentation of peptic ulcer disease, a digestive condition."
DIS0434,Recurrent Coronary Artery Disease,Cardiovascular,Severe,True,"Recurrent Coronary Artery Disease is a recurrent presentation of coronary artery disease, a cardiovascular condition."
DIS0435,Chronic Osteoporosis,Musculoskeletal,Moderate,True,"Chronic Osteoporosis is a chronic presentation of osteoporosis, a musculoskeletal condition."
DIS0436,Acute Parkinson's Disease,Neurological,Severe,True,"Acute Parkinson's Disease is a acute presentation of parkinson's disease, a neurological condition."
DIS0437,Chronic Gastroenteritis,Digestive,Moderate,True,"Chronic Gastroenteritis is a chronic presentation of gastroenteritis, a digestive condition."
DIS0438,Mild Chickenpox,Infectious,Mild,False,"Mild Chickenpox is a mild presentation of chickenpox, a infectious condition."
DIS0439,Chronic Migraine,Neurological,Moderate,True,"Chronic Migraine is a chronic presentation of migraine, a neurological condition."
DIS0440,Acute Type 1 Diabetes Mellitus,Endocrine,Severe,True,"Acute Type 1 Diabetes Mellitus is a acute presentation of type 1 diabetes mellitus, a endocrine condition."
DIS0441,Mild Hepatitis B,Infectious,Severe,True,"Mild Hepatitis B is a mild presentation of hepatitis b, a infectious condition."
DIS0442,Early-Stage Influenza,Respiratory,Moderate,False,"Early-Stage Influenza is a early-stage presentation of influenza, a respiratory condition."
DIS0443,Atypical Irritable Bowel Syndrome,Digestive,Moderate,True,"Atypical Irritable Bowel Syndrome is a atypical presentation of irritable bowel syndrome, a digestive condition."
DIS0444,Mild Kidney Stones,Urological,Severe,False,"Mild Kidney Stones is a mild presentation of kidney stones, a urological condition."
DIS0445,Advanced Bell's Palsy,Neurological,Moderate,False,"Advanced Bell's Palsy is a advanced presentation of bell's palsy, a neurological condition."
DIS0446,Mild Appendicitis,Digestive,Severe,False,"Mild Appendicitis is a mild presentation of appendicitis, a digestive condition."
DIS0447,Chronic Pharyngitis,Respiratory,Mild,True,"Chronic Pharyngitis is a chronic presentation of pharyngitis, a respiratory condition."
DIS0448,Acute Skin Cancer,Oncological,Severe,True,"Acute Skin Cancer is a acute presentation of skin cancer, a oncological condition."
DIS0449,Severe Pharyngitis,Respiratory,Severe,False,"Severe Pharyngitis is a severe presentation of pharyngitis, a respiratory condition."
DIS0450,Mild Tuberculosis,Respiratory,Severe,True,"Mild Tuberculosis is a mild presentation of tuberculosis, a respiratory condition."
DIS0451,Early-Stage Hepatitis C,Infectious,Severe,True,"Early-Stage Hepatitis C is a early-stage presentation of hepatitis c, a infectious condition."
DIS0452,Atypical Malaria,Infectious,Severe,False,"Atypical Malaria is a atypical presentation of malaria, a infectious condition."
DIS0453,Advanced Hypothyroidism,Endocrine,Moderate,True,"Advanced Hypothyroidism is a advanced presentation of hypothyroidism, a endocrine condition."
DIS0454,Early-Stage Major Depressive Disorder,Psychiatric,Moderate,True,"Early-Stage Major Depressive Disorder is a early-stage presentation of major depressive disorder, a psychiatric condition."
DIS0455,Chronic Crohn's Disease,Digestive,Severe,True,"Chronic Crohn's Disease is a chronic presentation of crohn's disease, a digestive condition."
DIS0456,Severe Allergic Rhinitis,Immunological,Severe,True,"Severe Allergic Rhinitis is a severe presentation of allergic rhinitis, a immunological condition."
DIS0457,Severe Heart Failure,Cardiovascular,Severe,True,"Severe Heart Failure is a severe presentation of heart failure, a cardiovascular condition."
DIS0458,Severe Major Depressive Disorder,Psychiatric,Severe,True,"Severe Major Depressive Disorder is a severe presentation of major depressive disorder, a psychiatric condition."
DIS0459,Mild Crohn's Disease,Digestive,Severe,True,"Mild Crohn's Disease is a mild presentation of crohn's disease, a digestive condition."
DIS0460,Recurrent Irritable Bowel Syndrome,Digestive,Moderate,True,"Recurrent Irritable Bowel Syndrome is a recurrent presentation of irritable bowel syndrome, a digestive condition."
DIS0461,Severe Gout,Musculoskeletal,Severe,True,"Severe Gout is a severe presentation of gout, a musculoskeletal condition."
DIS0462,Atypical Lung Cancer,Oncological,Severe,True,"Atypical Lung Cancer is a atypical presentation of lung cancer, a oncological condition."
DIS0463,Early-Stage Malaria,Infectious,Severe,False,"Early-Stage Malaria is a early-stage presentation of malaria, a infectious condition."
DIS0464,Recurrent Thrombocytopenia,Hematological,Moderate,True,"Recurrent Thrombocytopenia is a recurrent presentation of thrombocytopenia, a hematological condition."
DIS0465,Mild Hyperthyroidism,Endocrine,Moderate,True,"Mild Hyperthyroidism is a mild presentation of hyperthyroidism, a endocrine condition."
DIS0466,Mild Thrombocytopenia,Hematological,Moderate,False,"Mild Thrombocytopenia is a mild presentation of thrombocytopenia, a hematological condition."
DIS0467,Mild Influenza,Respiratory,Moderate,False,"Mild Influenza is a mild presentation of influenza, a respiratory condition."
DIS0468,Early-Stage Lower Back Strain,Musculoskeletal,Mild,False,"Early-Stage Lower Back Strain is a early-stage presentation of lower back strain, a musculoskeletal condition."
DIS0469,Chronic Parkinson's Disease,Neurological,Severe,True,"Chronic Parkinson's Disease is a chronic presentation of parkinson's disease, a neurological condition."
DIS0470,Recurrent Gastroenteritis,Digestive,Moderate,True,"Recurrent Gastroenteritis is a recurrent presentation of gastroenteritis, a digestive condition."
DIS0471,Recurrent Hyperthyroidism,Endocrine,Moderate,True,"Recurrent Hyperthyroidism is a recurrent presentation of hyperthyroidism, a endocrine condition."
DIS0472,Acute Lupus,Immunological,Severe,True,"Acute Lupus is a acute presentation of lupus, a immunological condition."
DIS0473,Advanced COVID-19,Respiratory,Moderate,False,"Advanced COVID-19 is a advanced presentation of covid-19, a respiratory condition."
DIS0474,Recurrent Breast Cancer,Oncological,Severe,True,"Recurrent Breast Cancer is a recurrent presentation of breast cancer, a oncological condition."
DIS0475,Early-Stage Migraine,Neurological,Moderate,True,"Early-Stage Migraine is a early-stage presentation of migraine, a neurological condition."
DIS0476,Early-Stage Parkinson's Disease,Neurological,Severe,True,"Early-Stage Parkinson's Disease is a early-stage presentation of parkinson's disease, a neurological condition."
DIS0477,Atypical Skin Cancer,Oncological,Severe,True,"Atypical Skin Cancer is a atypical presentation of skin cancer, a oncological condition."
DIS0478,Severe Cholera,Infectious,Severe,False,"Severe Cholera is a severe presentation of cholera, a infectious condition."
DIS0479,Acute HIV/AIDS,Infectious,Severe,True,"Acute HIV/AIDS is a acute presentation of hiv/aids, a infectious condition."
DIS0480,Severe Chronic Kidney Disease,Urological,Severe,True,"Severe Chronic Kidney Disease is a severe presentation of chronic kidney disease, a urological condition."
DIS0481,Atypical Dengue Fever,Infectious,Severe,False,"Atypical Dengue Fever is a atypical presentation of dengue fever, a infectious condition."
DIS0482,Advanced Tonsillitis,ENT,Mild,False,"Advanced Tonsillitis is a advanced presentation of tonsillitis, a ent condition."
DIS0483,Recurrent Gallstones,Digestive,Moderate,True,"Recurrent Gallstones is a recurrent presentation of gallstones, a digestive condition."
DIS0484,Severe Kidney Stones,Urological,Severe,False,"Severe Kidney Stones is a severe presentation of kidney stones, a urological condition."
DIS0485,Mild Vertigo,ENT,Moderate,False,"Mild Vertigo is a mild presentation of vertigo, a ent condition."
DIS0486,Acute Hepatitis A,Infectious,Moderate,False,"Acute Hepatitis A is a acute presentation of hepatitis a, a infectious condition."
DIS0487,Severe Fungal Skin Infection,Dermatological,Severe,False,"Severe Fungal Skin Infection is a severe presentation of fungal skin infection, a dermatological condition."
DIS0488,Early-Stage Chickenpox,Infectious,Mild,False,"Early-Stage Chickenpox is a early-stage presentation of chickenpox, a infectious condition."
DIS0489,Atypical Gastroenteritis,Digestive,Moderate,False,"Atypical Gastroenteritis is a atypical presentation of gastroenteritis, a digestive condition."
DIS0490,Severe Thrombocytopenia,Hematological,Severe,False,"Severe Thrombocytopenia is a severe presentation of thrombocytopenia, a hematological condition."
DIS0491,Advanced Cirrhosis,Digestive,Severe,True,"Advanced Cirrhosis is a advanced presentation of cirrhosis, a digestive condition."
DIS0492,Acute Irritable Bowel Syndrome,Digestive,Moderate,True,"Acute Irritable Bowel Syndrome is a acute presentation of irritable bowel syndrome, a digestive condition."
DIS0493,Early-Stage Allergic Rhinitis,Immunological,Mild,True,"Early-Stage Allergic Rhinitis is a early-stage presentation of allergic rhinitis, a immunological condition."
DIS0494,Mild Type 2 Diabetes Mellitus,Endocrine,Moderate,True,"Mild Type 2 Diabetes Mellitus is a mild presentation of type 2 diabetes mellitus, a endocrine condition."
DIS0495,Chronic Gout,Musculoskeletal,Moderate,True,"Chronic Gout is a chronic presentation of gout, a musculoskeletal condition."
DIS0496,Chronic HIV/AIDS,Infectious,Severe,True,"Chronic HIV/AIDS is a chronic presentation of hiv/aids, a infectious condition."
DIS0497,Early-Stage Deep Vein Thrombosis,Cardiovascular,Severe,False,"Early-Stage Deep Vein Thrombosis is a early-stage presentation of deep vein thrombosis, a cardiovascular condition."
DIS0498,Acute Anemia,Hematological,Moderate,True,"Acute Anemia is a acute presentation of anemia, a hematological condition."
DIS0499,Chronic Conjunctivitis,Ophthalmological,Mild,True,"Chronic Conjunctivitis is a chronic presentation of conjunctivitis, a ophthalmological condition."
DIS0500,Acute Ulcerative Colitis,Digestive,Severe,True,"Acute Ulcerative Colitis is a acute presentation of ulcerative colitis, a digestive condition."
