mapping_id,disease_id,symptom_id,association_strength,frequency_percent
MAP00001,DIS0001,SYM00006,Strong,71
MAP00002,DIS0001,SYM00026,Strong,72
MAP00003,DIS0001,SYM00005,Strong,91
MAP00004,DIS0001,SYM00002,Moderate,37
MAP00005,DIS0001,SYM00027,Moderate,40
MAP00006,DIS0001,SYM00004,Moderate,40
MAP00007,DIS0002,SYM00001,Strong,76
MAP00008,DIS0002,SYM00022,Strong,73
MAP00009,DIS0002,SYM00014,Strong,74
MAP00010,DIS0002,SYM00004,Moderate,37
MAP00011,DIS0002,SYM00002,Moderate,40
MAP00012,DIS0002,SYM00003,Moderate,47
MAP00013,DIS0002,SYM00005,Moderate,34
MAP00014,DIS0003,SYM00001,Strong,66
MAP00015,DIS0003,SYM00002,Strong,67
MAP00016,DIS0003,SYM00101,Strong,65
MAP00017,DIS0003,SYM00008,Moderate,56
MAP00018,DIS0003,SYM00007,Moderate,25
MAP00019,DIS0003,SYM00022,Moderate,59
MAP00020,DIS0003,SYM00103,Moderate,27
MAP00021,DIS0004,SYM00066,Strong,90
MAP00022,DIS0004,SYM00007,Strong,83
MAP00023,DIS0004,SYM00102,Strong,80
MAP00024,DIS0004,SYM00002,Moderate,56
MAP00025,DIS0004,SYM00065,Moderate,42
MAP00026,DIS0005,SYM00100,Strong,91
MAP00027,DIS0005,SYM00102,Strong,71
MAP00028,DIS0005,SYM00004,Strong,92
MAP00029,DIS0005,SYM00066,Moderate,42
MAP00030,DIS0005,SYM00005,Moderate,50
MAP00031,DIS0006,SYM00100,Strong,74
MAP00032,DIS0006,SYM00101,Strong,68
MAP00033,DIS0006,SYM00085,Strong,63
MAP00034,DIS0006,SYM00020,Moderate,58
MAP00035,DIS0006,SYM00001,Moderate,52
MAP00036,DIS0006,SYM00004,Moderate,55
MAP00037,DIS0007,SYM00001,Strong,94
MAP00038,DIS0007,SYM00002,Strong,62
MAP00039,DIS0007,SYM00080,Strong,92
MAP00040,DIS0007,SYM00081,Moderate,47
MAP00041,DIS0007,SYM00004,Moderate,50
MAP00042,DIS0007,SYM00007,Moderate,36
MAP00043,DIS0007,SYM00005,Moderate,54
MAP00044,DIS0008,SYM00004,Strong,67
MAP00045,DIS0008,SYM00001,Strong,93
MAP00046,DIS0008,SYM00003,Strong,89
MAP00047,DIS0009,SYM00027,Strong,80
MAP00048,DIS0009,SYM00003,Strong,60
MAP00049,DIS0009,SYM00095,Strong,60
MAP00050,DIS0009,SYM00045,Moderate,38
MAP00051,DIS0009,SYM00047,Moderate,49
MAP00052,DIS0010,SYM00005,Strong,66
MAP00053,DIS0010,SYM00036,Strong,80
MAP00054,DIS0010,SYM00001,Strong,83
MAP00055,DIS0010,SYM00028,Moderate,41
MAP00056,DIS0011,SYM00001,Strong,71
MAP00057,DIS0011,SYM00022,Strong,95
MAP00058,DIS0011,SYM00023,Strong,76
MAP00059,DIS0011,SYM00003,Moderate,40
MAP00060,DIS0011,SYM00009,Moderate,42
MAP00061,DIS0011,SYM00010,Moderate,55
MAP00062,DIS0011,SYM00014,Moderate,46
MAP00063,DIS0012,SYM00001,Strong,83
MAP00064,DIS0012,SYM00003,Strong,71
MAP00065,DIS0012,SYM00015,Strong,91
MAP00066,DIS0012,SYM00014,Moderate,52
MAP00067,DIS0012,SYM00016,Moderate,38
MAP00068,DIS0012,SYM00046,Moderate,51
MAP00069,DIS0012,SYM00009,Moderate,48
MAP00070,DIS0013,SYM00001,Strong,83
MAP00071,DIS0013,SYM00013,Strong,85
MAP00072,DIS0013,SYM00003,Strong,77
MAP00073,DIS0013,SYM00020,Moderate,53
MAP00074,DIS0013,SYM00012,Moderate,36
MAP00075,DIS0013,SYM00004,Moderate,33
MAP00076,DIS0014,SYM00016,Strong,74
MAP00077,DIS0014,SYM00017,Strong,66
MAP00078,DIS0014,SYM00001,Strong,77
MAP00079,DIS0014,SYM00004,Moderate,40
MAP00080,DIS0014,SYM00019,Moderate,52
MAP00081,DIS0015,SYM00016,Strong,84
MAP00082,DIS0015,SYM00001,Strong,72
MAP00083,DIS0015,SYM00002,Strong,69
MAP00084,DIS0015,SYM00006,Moderate,34
MAP00085,DIS0015,SYM00074,Moderate,55
MAP00086,DIS0015,SYM00076,Moderate,25
MAP00087,DIS0016,SYM00043,Strong,71
MAP00088,DIS0016,SYM00004,Strong,86
MAP00089,DIS0016,SYM00009,Strong,91
MAP00090,DIS0016,SYM00013,Moderate,33
MAP00091,DIS0016,SYM00019,Moderate,58
MAP00092,DIS0017,SYM00043,Strong,94
MAP00093,DIS0017,SYM00004,Strong,80
MAP00094,DIS0017,SYM00013,Strong,91
MAP00095,DIS0017,SYM00015,Moderate,44
MAP00096,DIS0017,SYM00004,Moderate,41
MAP00097,DIS0018,SYM00004,Strong,95
MAP00098,DIS0018,SYM00043,Strong,63
MAP00099,DIS0018,SYM00013,Strong,85
MAP00100,DIS0018,SYM00019,Moderate,31
MAP00101,DIS0018,SYM00009,Moderate,35
MAP00102,DIS0019,SYM00001,Strong,63
MAP00103,DIS0019,SYM00085,Strong,73
MAP00104,DIS0019,SYM00020,Strong,76
MAP00105,DIS0019,SYM00004,Moderate,55
MAP00106,DIS0019,SYM00091,Moderate,31
MAP00107,DIS0019,SYM00028,Moderate,53
MAP00108,DIS0020,SYM00011,Strong,81
MAP00109,DIS0020,SYM00010,Strong,76
MAP00110,DIS0020,SYM00004,Strong,83
MAP00111,DIS0020,SYM00004,Moderate,48
MAP00112,DIS0020,SYM00067,Moderate,41
MAP00113,DIS0021,SYM00038,Strong,82
MAP00114,DIS0021,SYM00039,Strong,61
MAP00115,DIS0021,SYM00020,Strong,86
MAP00116,DIS0021,SYM00004,Moderate,32
MAP00117,DIS0021,SYM00024,Moderate,47
MAP00118,DIS0022,SYM00038,Strong,72
MAP00119,DIS0022,SYM00039,Strong,94
MAP00120,DIS0022,SYM00004,Strong,71
MAP00121,DIS0022,SYM00024,Moderate,43
MAP00122,DIS0022,SYM00092,Moderate,47
MAP00123,DIS0023,SYM00004,Strong,80
MAP00124,DIS0023,SYM00021,Strong,92
MAP00125,DIS0023,SYM00057,Strong,91
MAP00126,DIS0023,SYM00060,Moderate,53
MAP00127,DIS0023,SYM00058,Moderate,30
MAP00128,DIS0023,SYM00051,Moderate,49
MAP00129,DIS0024,SYM00020,Strong,78
MAP00130,DIS0024,SYM00067,Strong,89
MAP00131,DIS0024,SYM00023,Strong,69
MAP00132,DIS0024,SYM00054,Moderate,35
MAP00133,DIS0024,SYM00050,Moderate,46
MAP00134,DIS0024,SYM00048,Moderate,51
MAP00135,DIS0025,SYM00003,Strong,85
MAP00136,DIS0025,SYM00018,Strong,64
MAP00137,DIS0025,SYM00024,Strong,65
MAP00138,DIS0025,SYM00008,Moderate,35
MAP00139,DIS0025,SYM00007,Moderate,46
MAP00140,DIS0026,SYM00008,Strong,74
MAP00141,DIS0026,SYM00007,Strong,80
MAP00142,DIS0026,SYM00004,Strong,80
MAP00143,DIS0026,SYM00032,Moderate,43
MAP00144,DIS0026,SYM00057,Moderate,42
MAP00145,DIS0027,SYM00007,Strong,85
MAP00146,DIS0027,SYM00071,Strong,77
MAP00147,DIS0027,SYM00004,Strong,88
MAP00148,DIS0027,SYM00067,Moderate,48
MAP00149,DIS0027,SYM00100,Moderate,58
MAP00150,DIS0028,SYM00032,Strong,88
MAP00151,DIS0028,SYM00018,Strong,86
MAP00152,DIS0028,SYM00056,Strong,70
MAP00153,DIS0028,SYM00008,Moderate,36
MAP00154,DIS0028,SYM00007,Moderate,26
MAP00155,DIS0029,SYM00095,Strong,68
MAP00156,DIS0029,SYM00096,Strong,75
MAP00157,DIS0029,SYM00034,Strong,76
MAP00158,DIS0029,SYM00031,Moderate,30
MAP00159,DIS0029,SYM00098,Moderate,38
MAP00160,DIS0029,SYM00097,Moderate,35
MAP00161,DIS0030,SYM00033,Strong,85
MAP00162,DIS0030,SYM00072,Strong,66
MAP00163,DIS0030,SYM00083,Strong,66
MAP00164,DIS0030,SYM00008,Moderate,29
MAP00165,DIS0031,SYM00003,Strong,90
MAP00166,DIS0031,SYM00076,Strong,95
MAP00167,DIS0031,SYM00009,Strong,63
MAP00168,DIS0031,SYM00024,Moderate,26
MAP00169,DIS0031,SYM00018,Moderate,50
MAP00170,DIS0032,SYM00055,Strong,93
MAP00171,DIS0032,SYM00031,Strong,65
MAP00172,DIS0032,SYM00099,Strong,66
MAP00173,DIS0032,SYM00056,Moderate,41
MAP00174,DIS0032,SYM00053,Moderate,34
MAP00175,DIS0033,SYM00054,Strong,65
MAP00176,DIS0033,SYM00094,Strong,84
MAP00177,DIS0033,SYM00097,Strong,79
MAP00178,DIS0033,SYM00096,Moderate,39
MAP00179,DIS0033,SYM00098,Moderate,40
MAP00180,DIS0034,SYM00053,Strong,78
MAP00181,DIS0034,SYM00031,Strong,88
MAP00182,DIS0034,SYM00052,Strong,68
MAP00183,DIS0034,SYM00097,Moderate,33
MAP00184,DIS0034,SYM00048,Moderate,58
MAP00185,DIS0035,SYM00034,Strong,70
MAP00186,DIS0035,SYM00035,Strong,61
MAP00187,DIS0035,SYM00094,Strong,62
MAP00188,DIS0035,SYM00024,Moderate,47
MAP00189,DIS0035,SYM00098,Moderate,45
MAP00190,DIS0036,SYM00095,Strong,90
MAP00191,DIS0036,SYM00034,Strong,89
MAP00192,DIS0036,SYM00036,Strong,94
MAP00193,DIS0036,SYM00025,Moderate,42
MAP00194,DIS0037,SYM00011,Strong,95
MAP00195,DIS0037,SYM00010,Strong,88
MAP00196,DIS0037,SYM00013,Strong,68
MAP00197,DIS0037,SYM00009,Moderate,59
MAP00198,DIS0037,SYM00001,Moderate,36
MAP00199,DIS0038,SYM00013,Strong,89
MAP00200,DIS0038,SYM00062,Strong,87
MAP00201,DIS0038,SYM00064,Strong,93
MAP00202,DIS0038,SYM00009,Moderate,59
MAP00203,DIS0038,SYM00019,Moderate,44
MAP00204,DIS0039,SYM00064,Strong,82
MAP00205,DIS0039,SYM00008,Strong,90
MAP00206,DIS0039,SYM00036,Strong,94
MAP00207,DIS0039,SYM00045,Moderate,39
MAP00208,DIS0040,SYM00013,Strong,65
MAP00209,DIS0040,SYM00062,Strong,88
MAP00210,DIS0040,SYM00011,Strong,79
MAP00211,DIS0040,SYM00012,Moderate,48
MAP00212,DIS0040,SYM00063,Moderate,51
MAP00213,DIS0041,SYM00013,Strong,76
MAP00214,DIS0041,SYM00011,Strong,69
MAP00215,DIS0041,SYM00020,Strong,79
MAP00216,DIS0041,SYM00004,Moderate,25
MAP00217,DIS0041,SYM00042,Moderate,25
MAP00218,DIS0042,SYM00013,Strong,93
MAP00219,DIS0042,SYM00042,Strong,68
MAP00220,DIS0042,SYM00011,Strong,82
MAP00221,DIS0042,SYM00020,Moderate,43
MAP00222,DIS0042,SYM00004,Moderate,55
MAP00223,DIS0043,SYM00013,Strong,94
MAP00224,DIS0043,SYM00009,Strong,60
MAP00225,DIS0043,SYM00010,Strong,91
MAP00226,DIS0043,SYM00001,Moderate,55
MAP00227,DIS0043,SYM00019,Moderate,44
MAP00228,DIS0044,SYM00013,Strong,60
MAP00229,DIS0044,SYM00009,Strong,87
MAP00230,DIS0044,SYM00010,Strong,78
MAP00231,DIS0044,SYM00043,Moderate,39
MAP00232,DIS0044,SYM00062,Moderate,25
MAP00233,DIS0045,SYM00043,Strong,95
MAP00234,DIS0045,SYM00004,Strong,83
MAP00235,DIS0045,SYM00033,Strong,72
MAP00236,DIS0045,SYM00084,Moderate,51
MAP00237,DIS0045,SYM00031,Moderate,52
MAP00238,DIS0046,SYM00013,Strong,85
MAP00239,DIS0046,SYM00009,Strong,75
MAP00240,DIS0046,SYM00010,Strong,70
MAP00241,DIS0046,SYM00001,Moderate,49
MAP00242,DIS0046,SYM00067,Moderate,49
MAP00243,DIS0047,SYM00040,Strong,74
MAP00244,DIS0047,SYM00039,Strong,76
MAP00245,DIS0047,SYM00013,Strong,65
MAP00246,DIS0047,SYM00041,Moderate,52
MAP00247,DIS0047,SYM00001,Moderate,40
MAP00248,DIS0048,SYM00013,Strong,93
MAP00249,DIS0048,SYM00041,Strong,77
MAP00250,DIS0048,SYM00040,Strong,78
MAP00251,DIS0048,SYM00009,Moderate,59
MAP00252,DIS0048,SYM00029,Moderate,42
MAP00253,DIS0049,SYM00004,Strong,86
MAP00254,DIS0049,SYM00001,Strong,72
MAP00255,DIS0049,SYM00003,Strong,64
MAP00256,DIS0050,SYM00039,Strong,71
MAP00257,DIS0050,SYM00040,Strong,68
MAP00258,DIS0050,SYM00004,Strong,78
MAP00259,DIS0050,SYM00088,Moderate,32
MAP00260,DIS0051,SYM00015,Strong,89
MAP00261,DIS0051,SYM00073,Strong,88
MAP00262,DIS0051,SYM00033,Strong,77
MAP00263,DIS0051,SYM00094,Moderate,56
MAP00264,DIS0052,SYM00015,Strong,72
MAP00265,DIS0052,SYM00033,Strong,80
MAP00266,DIS0052,SYM00073,Strong,61
MAP00267,DIS0052,SYM00004,Moderate,34
MAP00268,DIS0052,SYM00001,Moderate,28
MAP00269,DIS0053,SYM00015,Strong,94
MAP00270,DIS0053,SYM00033,Strong,61
MAP00271,DIS0053,SYM00004,Strong,71
MAP00272,DIS0053,SYM00004,Moderate,31
MAP00273,DIS0054,SYM00029,Strong,78
MAP00274,DIS0054,SYM00004,Strong,77
MAP00275,DIS0054,SYM00004,Strong,68
MAP00276,DIS0054,SYM00004,Moderate,53
MAP00277,DIS0055,SYM00014,Strong,60
MAP00278,DIS0055,SYM00004,Strong,74
MAP00279,DIS0055,SYM00048,Strong,65
MAP00280,DIS0055,SYM00053,Moderate,34
MAP00281,DIS0055,SYM00051,Moderate,25
MAP00282,DIS0056,SYM00029,Strong,91
MAP00283,DIS0056,SYM00014,Strong,73
MAP00284,DIS0056,SYM00073,Strong,81
MAP00285,DIS0056,SYM00097,Moderate,51
MAP00286,DIS0057,SYM00017,Strong,79
MAP00287,DIS0057,SYM00016,Strong,91
MAP00288,DIS0057,SYM00060,Strong,83
MAP00289,DIS0057,SYM00083,Moderate,54
MAP00290,DIS0058,SYM00016,Strong,62
MAP00291,DIS0058,SYM00017,Strong,81
MAP00292,DIS0058,SYM00060,Strong,65
MAP00293,DIS0058,SYM00015,Moderate,34
MAP00294,DIS0058,SYM00083,Moderate,28
MAP00295,DIS0059,SYM00016,Strong,77
MAP00296,DIS0059,SYM00083,Strong,85
MAP00297,DIS0059,SYM00017,Strong,64
MAP00298,DIS0060,SYM00017,Strong,94
MAP00299,DIS0060,SYM00016,Strong,90
MAP00300,DIS0060,SYM00083,Strong,71
MAP00301,DIS0060,SYM00060,Moderate,37
MAP00302,DIS0061,SYM00016,Strong,76
MAP00303,DIS0061,SYM00017,Strong,84
MAP00304,DIS0061,SYM00033,Strong,60
MAP00305,DIS0062,SYM00074,Strong,67
MAP00306,DIS0062,SYM00017,Strong,75
MAP00307,DIS0062,SYM00075,Strong,84
MAP00308,DIS0062,SYM00076,Moderate,53
MAP00309,DIS0063,SYM00024,Strong,75
MAP00310,DIS0063,SYM00077,Strong,62
MAP00311,DIS0063,SYM00076,Strong,72
MAP00312,DIS0064,SYM00024,Strong,89
MAP00313,DIS0064,SYM00003,Strong,66
MAP00314,DIS0064,SYM00009,Strong,93
MAP00315,DIS0064,SYM00074,Moderate,38
MAP00316,DIS0065,SYM00025,Strong,90
MAP00317,DIS0065,SYM00079,Strong,84
MAP00318,DIS0065,SYM00001,Strong,79
MAP00319,DIS0065,SYM00004,Moderate,45
MAP00320,DIS0066,SYM00005,Strong,70
MAP00321,DIS0066,SYM00036,Strong,62
MAP00322,DIS0066,SYM00001,Strong,95
MAP00323,DIS0066,SYM00028,Moderate,58
MAP00324,DIS0067,SYM00018,Strong,67
MAP00325,DIS0067,SYM00098,Strong,76
MAP00326,DIS0067,SYM00009,Strong,90
MAP00327,DIS0067,SYM00078,Moderate,44
MAP00328,DIS0068,SYM00050,Strong,72
MAP00329,DIS0068,SYM00048,Strong,83
MAP00330,DIS0068,SYM00067,Strong,63
MAP00331,DIS0068,SYM00014,Moderate,38
MAP00332,DIS0068,SYM00052,Moderate,32
MAP00333,DIS0069,SYM00051,Strong,75
MAP00334,DIS0069,SYM00048,Strong,87
MAP00335,DIS0069,SYM00019,Strong,80
MAP00336,DIS0069,SYM00004,Moderate,25
MAP00337,DIS0069,SYM00053,Moderate,35
MAP00338,DIS0070,SYM00052,Strong,77
MAP00339,DIS0070,SYM00048,Strong,67
MAP00340,DIS0070,SYM00049,Strong,85
MAP00341,DIS0070,SYM00050,Moderate,40
MAP00342,DIS0070,SYM00051,Moderate,25
MAP00343,DIS0071,SYM00048,Strong,62
MAP00344,DIS0071,SYM00004,Strong,90
MAP00345,DIS0071,SYM00052,Strong,69
MAP00346,DIS0071,SYM00053,Moderate,48
MAP00347,DIS0072,SYM00004,Strong,65
MAP00348,DIS0072,SYM00004,Strong,75
MAP00349,DIS0072,SYM00007,Strong,70
MAP00350,DIS0072,SYM00018,Moderate,56
MAP00351,DIS0072,SYM00057,Moderate,30
MAP00352,DIS0073,SYM00004,Strong,81
MAP00353,DIS0073,SYM00001,Strong,63
MAP00354,DIS0073,SYM00084,Strong,63
MAP00355,DIS0073,SYM00020,Moderate,47
MAP00356,DIS0073,SYM00028,Moderate,34
MAP00357,DIS0073,SYM00085,Moderate,59
MAP00358,DIS0074,SYM00084,Strong,66
MAP00359,DIS0074,SYM00046,Strong,68
MAP00360,DIS0074,SYM00041,Strong,91
MAP00361,DIS0074,SYM00004,Moderate,39
MAP00362,DIS0075,SYM00026,Strong,80
MAP00363,DIS0075,SYM00006,Strong,95
MAP00364,DIS0075,SYM00017,Strong,82
MAP00365,DIS0075,SYM00075,Moderate,53
MAP00366,DIS0075,SYM00027,Moderate,37
MAP00367,DIS0076,SYM00016,Strong,61
MAP00368,DIS0076,SYM00033,Strong,84
MAP00369,DIS0076,SYM00065,Strong,82
MAP00370,DIS0076,SYM00009,Moderate,33
MAP00371,DIS0076,SYM00010,Moderate,41
MAP00372,DIS0077,SYM00015,Strong,62
MAP00373,DIS0077,SYM00016,Strong,91
MAP00374,DIS0077,SYM00004,Strong,88
MAP00375,DIS0077,SYM00001,Moderate,43
MAP00376,DIS0077,SYM00076,Moderate,59
MAP00377,DIS0078,SYM00004,Strong,91
MAP00378,DIS0078,SYM00083,Strong,72
MAP00379,DIS0078,SYM00020,Strong,71
MAP00380,DIS0078,SYM00004,Moderate,59
MAP00381,DIS0078,SYM00033,Moderate,47
MAP00382,DIS0079,SYM00100,Strong,80
MAP00383,DIS0079,SYM00101,Strong,89
MAP00384,DIS0079,SYM00008,Strong,77
MAP00385,DIS0079,SYM00020,Moderate,35
MAP00386,DIS0079,SYM00007,Moderate,29
MAP00387,DIS0080,SYM00042,Strong,93
MAP00388,DIS0080,SYM00013,Strong,69
MAP00389,DIS0080,SYM00020,Strong,88
MAP00390,DIS0080,SYM00004,Moderate,43
MAP00391,DIS0080,SYM00062,Moderate,41
MAP00392,DIS0081,SYM00039,Strong,94
MAP00393,DIS0081,SYM00040,Strong,83
MAP00394,DIS0081,SYM00041,Strong,89
MAP00395,DIS0081,SYM00088,Moderate,25
MAP00396,DIS0082,SYM00083,Strong,92
MAP00397,DIS0082,SYM00004,Strong,84
MAP00398,DIS0082,SYM00017,Strong,71
MAP00399,DIS0082,SYM00092,Moderate,26
MAP00400,DIS0083,SYM00033,Strong,83
MAP00401,DIS0083,SYM00072,Strong,75
MAP00402,DIS0083,SYM00083,Strong,80
MAP00403,DIS0083,SYM00008,Moderate,29
MAP00404,DIS0084,SYM00011,Strong,94
MAP00405,DIS0084,SYM00010,Strong,84
MAP00406,DIS0084,SYM00004,Strong,72
MAP00407,DIS0084,SYM00004,Moderate,58
MAP00408,DIS0084,SYM00067,Moderate,56
MAP00409,DIS0085,SYM00027,Strong,95
MAP00410,DIS0085,SYM00003,Strong,69
MAP00411,DIS0085,SYM00095,Strong,78
MAP00412,DIS0085,SYM00045,Moderate,45
MAP00413,DIS0085,SYM00047,Moderate,51
MAP00414,DIS0086,SYM00026,Strong,80
MAP00415,DIS0086,SYM00006,Strong,67
MAP00416,DIS0086,SYM00017,Strong,66
MAP00417,DIS0086,SYM00075,Moderate,58
MAP00418,DIS0086,SYM00027,Moderate,29
MAP00419,DIS0087,SYM00018,Strong,62
MAP00420,DIS0087,SYM00098,Strong,68
MAP00421,DIS0087,SYM00009,Strong,71
MAP00422,DIS0087,SYM00078,Moderate,27
MAP00423,DIS0088,SYM00013,Strong,72
MAP00424,DIS0088,SYM00009,Strong,66
MAP00425,DIS0088,SYM00010,Strong,91
MAP00426,DIS0088,SYM00001,Moderate,37
MAP00427,DIS0088,SYM00067,Moderate,31
MAP00428,DIS0089,SYM00016,Strong,62
MAP00429,DIS0089,SYM00001,Strong,84
MAP00430,DIS0089,SYM00002,Strong,91
MAP00431,DIS0089,SYM00006,Moderate,58
MAP00432,DIS0089,SYM00074,Moderate,41
MAP00433,DIS0089,SYM00076,Moderate,28
MAP00434,DIS0090,SYM00016,Strong,83
MAP00435,DIS0090,SYM00017,Strong,74
MAP00436,DIS0090,SYM00060,Strong,64
MAP00437,DIS0090,SYM00015,Moderate,25
MAP00438,DIS0090,SYM00083,Moderate,38
MAP00439,DIS0091,SYM00100,Strong,91
MAP00440,DIS0091,SYM00101,Strong,65
MAP00441,DIS0091,SYM00085,Strong,89
MAP00442,DIS0091,SYM00020,Moderate,28
MAP00443,DIS0091,SYM00001,Moderate,48
MAP00444,DIS0091,SYM00004,Moderate,51
MAP00445,DIS0092,SYM00040,Strong,83
MAP00446,DIS0092,SYM00039,Strong,63
MAP00447,DIS0092,SYM00013,Strong,77
MAP00448,DIS0092,SYM00041,Moderate,58
MAP00449,DIS0092,SYM00001,Moderate,27
MAP00450,DIS0093,SYM00003,Strong,64
MAP00451,DIS0093,SYM00076,Strong,79
MAP00452,DIS0093,SYM00009,Strong,64
MAP00453,DIS0093,SYM00024,Moderate,38
MAP00454,DIS0093,SYM00018,Moderate,58
MAP00455,DIS0094,SYM00029,Strong,66
MAP00456,DIS0094,SYM00004,Strong,66
MAP00457,DIS0094,SYM00004,Strong,74
MAP00458,DIS0094,SYM00004,Moderate,59
MAP00459,DIS0095,SYM00025,Strong,84
MAP00460,DIS0095,SYM00079,Strong,72
MAP00461,DIS0095,SYM00001,Strong,72
MAP00462,DIS0095,SYM00004,Moderate,58
MAP00463,DIS0096,SYM00054,Strong,75
MAP00464,DIS0096,SYM00094,Strong,71
MAP00465,DIS0096,SYM00097,Strong,95
MAP00466,DIS0096,SYM00096,Moderate,51
MAP00467,DIS0096,SYM00098,Moderate,31
MAP00468,DIS0097,SYM00020,Strong,82
MAP00469,DIS0097,SYM00067,Strong,89
MAP00470,DIS0097,SYM00023,Strong,87
MAP00471,DIS0097,SYM00054,Moderate,31
MAP00472,DIS0097,SYM00050,Moderate,35
MAP00473,DIS0097,SYM00048,Moderate,36
MAP00474,DIS0098,SYM00013,Strong,95
MAP00475,DIS0098,SYM00009,Strong,85
MAP00476,DIS0098,SYM00010,Strong,92
MAP00477,DIS0098,SYM00043,Moderate,46
MAP00478,DIS0098,SYM00062,Moderate,35
MAP00479,DIS0099,SYM00004,Strong,94
MAP00480,DIS0099,SYM00033,Strong,88
MAP00481,DIS0099,SYM00039,Strong,82
MAP00482,DIS0099,SYM00019,Moderate,45
MAP00483,DIS0099,SYM00031,Moderate,45
MAP00484,DIS0100,SYM00039,Strong,83
MAP00485,DIS0100,SYM00040,Strong,86
MAP00486,DIS0100,SYM00041,Strong,87
MAP00487,DIS0100,SYM00088,Moderate,45
MAP00488,DIS0101,SYM00032,Strong,75
MAP00489,DIS0101,SYM00018,Strong,94
MAP00490,DIS0101,SYM00056,Strong,73
MAP00491,DIS0101,SYM00008,Moderate,49
MAP00492,DIS0101,SYM00007,Moderate,41
MAP00493,DIS0102,SYM00007,Strong,83
MAP00494,DIS0102,SYM00100,Strong,88
MAP00495,DIS0102,SYM00066,Strong,88
MAP00496,DIS0102,SYM00102,Moderate,50
MAP00497,DIS0102,SYM00004,Moderate,25
MAP00498,DIS0103,SYM00039,Strong,62
MAP00499,DIS0103,SYM00040,Strong,78
MAP00500,DIS0103,SYM00004,Strong,61
MAP00501,DIS0103,SYM00088,Moderate,58
MAP00502,DIS0104,SYM00053,Strong,68
MAP00503,DIS0104,SYM00031,Strong,79
MAP00504,DIS0104,SYM00052,Strong,60
MAP00505,DIS0104,SYM00097,Moderate,44
MAP00506,DIS0104,SYM00048,Moderate,39
MAP00507,DIS0105,SYM00029,Strong,73
MAP00508,DIS0105,SYM00004,Strong,80
MAP00509,DIS0105,SYM00004,Strong,61
MAP00510,DIS0105,SYM00004,Moderate,42
MAP00511,DIS0106,SYM00043,Strong,95
MAP00512,DIS0106,SYM00004,Strong,92
MAP00513,DIS0106,SYM00009,Strong,95
MAP00514,DIS0106,SYM00013,Moderate,34
MAP00515,DIS0106,SYM00019,Moderate,31
MAP00516,DIS0107,SYM00029,Strong,62
MAP00517,DIS0107,SYM00004,Strong,89
MAP00518,DIS0107,SYM00004,Strong,82
MAP00519,DIS0107,SYM00004,Moderate,34
MAP00520,DIS0108,SYM00013,Strong,68
MAP00521,DIS0108,SYM00011,Strong,76
MAP00522,DIS0108,SYM00020,Strong,83
MAP00523,DIS0108,SYM00004,Moderate,40
MAP00524,DIS0108,SYM00042,Moderate,39
MAP00525,DIS0109,SYM00013,Strong,76
MAP00526,DIS0109,SYM00011,Strong,79
MAP00527,DIS0109,SYM00020,Strong,65
MAP00528,DIS0109,SYM00004,Moderate,50
MAP00529,DIS0109,SYM00042,Moderate,38
MAP00530,DIS0110,SYM00027,Strong,64
MAP00531,DIS0110,SYM00003,Strong,80
MAP00532,DIS0110,SYM00095,Strong,90
MAP00533,DIS0110,SYM00045,Moderate,36
MAP00534,DIS0110,SYM00047,Moderate,56
MAP00535,DIS0111,SYM00001,Strong,66
MAP00536,DIS0111,SYM00013,Strong,79
MAP00537,DIS0111,SYM00003,Strong,62
MAP00538,DIS0111,SYM00020,Moderate,49
MAP00539,DIS0111,SYM00012,Moderate,30
MAP00540,DIS0111,SYM00004,Moderate,28
MAP00541,DIS0112,SYM00042,Strong,81
MAP00542,DIS0112,SYM00013,Strong,82
MAP00543,DIS0112,SYM00020,Strong,87
MAP00544,DIS0112,SYM00004,Moderate,51
MAP00545,DIS0112,SYM00062,Moderate,32
MAP00546,DIS0113,SYM00004,Strong,74
MAP00547,DIS0113,SYM00004,Strong,60
MAP00548,DIS0113,SYM00007,Strong,84
MAP00549,DIS0113,SYM00018,Moderate,28
MAP00550,DIS0113,SYM00057,Moderate,44
MAP00551,DIS0114,SYM00032,Strong,93
MAP00552,DIS0114,SYM00018,Strong,62
MAP00553,DIS0114,SYM00056,Strong,80
MAP00554,DIS0114,SYM00008,Moderate,59
MAP00555,DIS0114,SYM00007,Moderate,34
MAP00556,DIS0115,SYM00038,Strong,80
MAP00557,DIS0115,SYM00039,Strong,92
MAP00558,DIS0115,SYM00004,Strong,74
MAP00559,DIS0115,SYM00024,Moderate,34
MAP00560,DIS0115,SYM00092,Moderate,28
MAP00561,DIS0116,SYM00027,Strong,85
MAP00562,DIS0116,SYM00003,Strong,88
MAP00563,DIS0116,SYM00095,Strong,92
MAP00564,DIS0116,SYM00045,Moderate,30
MAP00565,DIS0116,SYM00047,Moderate,39
MAP00566,DIS0117,SYM00074,Strong,87
MAP00567,DIS0117,SYM00017,Strong,78
MAP00568,DIS0117,SYM00075,Strong,85
MAP00569,DIS0117,SYM00076,Moderate,34
MAP00570,DIS0118,SYM00024,Strong,68
MAP00571,DIS0118,SYM00077,Strong,81
MAP00572,DIS0118,SYM00076,Strong,65
MAP00573,DIS0119,SYM00003,Strong,90
MAP00574,DIS0119,SYM00076,Strong,63
MAP00575,DIS0119,SYM00009,Strong,95
MAP00576,DIS0119,SYM00024,Moderate,50
MAP00577,DIS0119,SYM00018,Moderate,41
MAP00578,DIS0120,SYM00014,Strong,65
MAP00579,DIS0120,SYM00004,Strong,85
MAP00580,DIS0120,SYM00048,Strong,92
MAP00581,DIS0120,SYM00053,Moderate,52
MAP00582,DIS0120,SYM00051,Moderate,33
MAP00583,DIS0121,SYM00013,Strong,68
MAP00584,DIS0121,SYM00062,Strong,90
MAP00585,DIS0121,SYM00064,Strong,95
MAP00586,DIS0121,SYM00009,Moderate,37
MAP00587,DIS0121,SYM00019,Moderate,56
MAP00588,DIS0122,SYM00003,Strong,85
MAP00589,DIS0122,SYM00018,Strong,72
MAP00590,DIS0122,SYM00024,Strong,95
MAP00591,DIS0122,SYM00008,Moderate,58
MAP00592,DIS0122,SYM00007,Moderate,40
MAP00593,DIS0123,SYM00048,Strong,75
MAP00594,DIS0123,SYM00004,Strong,64
MAP00595,DIS0123,SYM00052,Strong,77
MAP00596,DIS0123,SYM00053,Moderate,52
MAP00597,DIS0124,SYM00008,Strong,80
MAP00598,DIS0124,SYM00007,Strong,65
MAP00599,DIS0124,SYM00004,Strong,67
MAP00600,DIS0124,SYM00032,Moderate,51
MAP00601,DIS0124,SYM00057,Moderate,52
MAP00602,DIS0125,SYM00027,Strong,83
MAP00603,DIS0125,SYM00003,Strong,82
MAP00604,DIS0125,SYM00095,Strong,72
MAP00605,DIS0125,SYM00045,Moderate,45
MAP00606,DIS0125,SYM00047,Moderate,47
MAP00607,DIS0126,SYM00074,Strong,61
MAP00608,DIS0126,SYM00017,Strong,79
MAP00609,DIS0126,SYM00075,Strong,70
MAP00610,DIS0126,SYM00076,Moderate,47
MAP00611,DIS0127,SYM00083,Strong,88
MAP00612,DIS0127,SYM00004,Strong,69
MAP00613,DIS0127,SYM00017,Strong,88
MAP00614,DIS0127,SYM00092,Moderate,27
MAP00615,DIS0128,SYM00016,Strong,74
MAP00616,DIS0128,SYM00017,Strong,72
MAP00617,DIS0128,SYM00060,Strong,83
MAP00618,DIS0128,SYM00015,Moderate,34
MAP00619,DIS0128,SYM00083,Moderate,30
MAP00620,DIS0129,SYM00053,Strong,67
MAP00621,DIS0129,SYM00031,Strong,63
MAP00622,DIS0129,SYM00052,Strong,75
MAP00623,DIS0129,SYM00097,Moderate,34
MAP00624,DIS0129,SYM00048,Moderate,43
MAP00625,DIS0130,SYM00038,Strong,60
MAP00626,DIS0130,SYM00039,Strong,81
MAP00627,DIS0130,SYM00004,Strong,67
MAP00628,DIS0130,SYM00024,Moderate,44
MAP00629,DIS0130,SYM00092,Moderate,53
MAP00630,DIS0131,SYM00004,Strong,90
MAP00631,DIS0131,SYM00083,Strong,61
MAP00632,DIS0131,SYM00020,Strong,81
MAP00633,DIS0131,SYM00004,Moderate,38
MAP00634,DIS0131,SYM00033,Moderate,59
MAP00635,DIS0132,SYM00013,Strong,73
MAP00636,DIS0132,SYM00009,Strong,73
MAP00637,DIS0132,SYM00010,Strong,94
MAP00638,DIS0132,SYM00043,Moderate,58
MAP00639,DIS0132,SYM00062,Moderate,41
MAP00640,DIS0133,SYM00013,Strong,95
MAP00641,DIS0133,SYM00009,Strong,90
MAP00642,DIS0133,SYM00010,Strong,69
MAP00643,DIS0133,SYM00001,Moderate,26
MAP00644,DIS0133,SYM00067,Moderate,49
MAP00645,DIS0134,SYM00016,Strong,93
MAP00646,DIS0134,SYM00017,Strong,62
MAP00647,DIS0134,SYM00060,Strong,76
MAP00648,DIS0134,SYM00015,Moderate,35
MAP00649,DIS0134,SYM00083,Moderate,28
MAP00650,DIS0135,SYM00013,Strong,78
MAP00651,DIS0135,SYM00062,Strong,72
MAP00652,DIS0135,SYM00064,Strong,77
MAP00653,DIS0135,SYM00009,Moderate,28
MAP00654,DIS0135,SYM00019,Moderate,54
MAP00655,DIS0136,SYM00001,Strong,60
MAP00656,DIS0136,SYM00002,Strong,64
MAP00657,DIS0136,SYM00080,Strong,84
MAP00658,DIS0136,SYM00081,Moderate,42
MAP00659,DIS0136,SYM00004,Moderate,48
MAP00660,DIS0136,SYM00007,Moderate,31
MAP00661,DIS0136,SYM00005,Moderate,26
MAP00662,DIS0137,SYM00008,Strong,78
MAP00663,DIS0137,SYM00007,Strong,84
MAP00664,DIS0137,SYM00004,Strong,74
MAP00665,DIS0137,SYM00032,Moderate,49
MAP00666,DIS0137,SYM00057,Moderate,57
MAP00667,DIS0138,SYM00007,Strong,66
MAP00668,DIS0138,SYM00071,Strong,80
MAP00669,DIS0138,SYM00004,Strong,91
MAP00670,DIS0138,SYM00067,Moderate,59
MAP00671,DIS0138,SYM00100,Moderate,30
MAP00672,DIS0139,SYM00029,Strong,71
MAP00673,DIS0139,SYM00014,Strong,72
MAP00674,DIS0139,SYM00073,Strong,92
MAP00675,DIS0139,SYM00097,Moderate,54
MAP00676,DIS0140,SYM00043,Strong,95
MAP00677,DIS0140,SYM00004,Strong,61
MAP00678,DIS0140,SYM00013,Strong,62
MAP00679,DIS0140,SYM00015,Moderate,40
MAP00680,DIS0140,SYM00004,Moderate,58
MAP00681,DIS0141,SYM00013,Strong,79
MAP00682,DIS0141,SYM00062,Strong,81
MAP00683,DIS0141,SYM00011,Strong,91
MAP00684,DIS0141,SYM00012,Moderate,50
MAP00685,DIS0141,SYM00063,Moderate,35
MAP00686,DIS0142,SYM00007,Strong,61
MAP00687,DIS0142,SYM00071,Strong,82
MAP00688,DIS0142,SYM00004,Strong,82
MAP00689,DIS0142,SYM00067,Moderate,47
MAP00690,DIS0142,SYM00100,Moderate,44
MAP00691,DIS0143,SYM00013,Strong,75
MAP00692,DIS0143,SYM00062,Strong,92
MAP00693,DIS0143,SYM00011,Strong,77
MAP00694,DIS0143,SYM00012,Moderate,28
MAP00695,DIS0143,SYM00063,Moderate,41
MAP00696,DIS0144,SYM00007,Strong,84
MAP00697,DIS0144,SYM00071,Strong,61
MAP00698,DIS0144,SYM00004,Strong,95
MAP00699,DIS0144,SYM00067,Moderate,42
MAP00700,DIS0144,SYM00100,Moderate,39
MAP00701,DIS0145,SYM00001,Strong,69
MAP00702,DIS0145,SYM00085,Strong,81
MAP00703,DIS0145,SYM00020,Strong,85
MAP00704,DIS0145,SYM00004,Moderate,33
MAP00705,DIS0145,SYM00091,Moderate,30
MAP00706,DIS0145,SYM00028,Moderate,49
MAP00707,DIS0146,SYM00095,Strong,93
MAP00708,DIS0146,SYM00096,Strong,74
MAP00709,DIS0146,SYM00034,Strong,86
MAP00710,DIS0146,SYM00031,Moderate,40
MAP00711,DIS0146,SYM00098,Moderate,34
MAP00712,DIS0146,SYM00097,Moderate,52
MAP00713,DIS0147,SYM00005,Strong,79
MAP00714,DIS0147,SYM00036,Strong,81
MAP00715,DIS0147,SYM00001,Strong,88
MAP00716,DIS0147,SYM00028,Moderate,59
MAP00717,DIS0148,SYM00025,Strong,68
MAP00718,DIS0148,SYM00079,Strong,73
MAP00719,DIS0148,SYM00001,Strong,68
MAP00720,DIS0148,SYM00004,Moderate,59
MAP00721,DIS0149,SYM00100,Strong,72
MAP00722,DIS0149,SYM00102,Strong,68
MAP00723,DIS0149,SYM00004,Strong,79
MAP00724,DIS0149,SYM00066,Moderate,58
MAP00725,DIS0149,SYM00005,Moderate,33
MAP00726,DIS0150,SYM00043,Strong,87
MAP00727,DIS0150,SYM00004,Strong,69
MAP00728,DIS0150,SYM00009,Strong,70
MAP00729,DIS0150,SYM00013,Moderate,45
MAP00730,DIS0150,SYM00019,Moderate,29
MAP00731,DIS0151,SYM00004,Strong,95
MAP00732,DIS0151,SYM00083,Strong,94
MAP00733,DIS0151,SYM00020,Strong,67
MAP00734,DIS0151,SYM00004,Moderate,36
MAP00735,DIS0151,SYM00033,Moderate,45
MAP00736,DIS0152,SYM00042,Strong,69
MAP00737,DIS0152,SYM00013,Strong,61
MAP00738,DIS0152,SYM00020,Strong,80
MAP00739,DIS0152,SYM00004,Moderate,51
MAP00740,DIS0152,SYM00062,Moderate,51
MAP00741,DIS0153,SYM00013,Strong,79
MAP00742,DIS0153,SYM00009,Strong,88
MAP00743,DIS0153,SYM00010,Strong,77
MAP00744,DIS0153,SYM00001,Moderate,34
MAP00745,DIS0153,SYM00019,Moderate,37
MAP00746,DIS0154,SYM00013,Strong,66
MAP00747,DIS0154,SYM00011,Strong,68
MAP00748,DIS0154,SYM00020,Strong,71
MAP00749,DIS0154,SYM00004,Moderate,26
MAP00750,DIS0154,SYM00042,Moderate,42
MAP00751,DIS0155,SYM00038,Strong,74
MAP00752,DIS0155,SYM00039,Strong,74
MAP00753,DIS0155,SYM00020,Strong,74
MAP00754,DIS0155,SYM00004,Moderate,26
MAP00755,DIS0155,SYM00024,Moderate,47
MAP00756,DIS0156,SYM00001,Strong,65
MAP00757,DIS0156,SYM00022,Strong,90
MAP00758,DIS0156,SYM00023,Strong,68
MAP00759,DIS0156,SYM00003,Moderate,57
MAP00760,DIS0156,SYM00009,Moderate,55
MAP00761,DIS0156,SYM00010,Moderate,48
MAP00762,DIS0156,SYM00014,Moderate,36
MAP00763,DIS0157,SYM00016,Strong,84
MAP00764,DIS0157,SYM00017,Strong,91
MAP00765,DIS0157,SYM00060,Strong,90
MAP00766,DIS0157,SYM00015,Moderate,33
MAP00767,DIS0157,SYM00083,Moderate,35
MAP00768,DIS0158,SYM00052,Strong,72
MAP00769,DIS0158,SYM00048,Strong,74
MAP00770,DIS0158,SYM00049,Strong,62
MAP00771,DIS0158,SYM00050,Moderate,51
MAP00772,DIS0158,SYM00051,Moderate,25
MAP00773,DIS0159,SYM00050,Strong,77
MAP00774,DIS0159,SYM00048,Strong,86
MAP00775,DIS0159,SYM00067,Strong,74
MAP00776,DIS0159,SYM00014,Moderate,37
MAP00777,DIS0159,SYM00052,Moderate,38
MAP00778,DIS0160,SYM00039,Strong,64
MAP00779,DIS0160,SYM00040,Strong,71
MAP00780,DIS0160,SYM00004,Strong,88
MAP00781,DIS0160,SYM00088,Moderate,56
MAP00782,DIS0161,SYM00039,Strong,80
MAP00783,DIS0161,SYM00040,Strong,89
MAP00784,DIS0161,SYM00041,Strong,75
MAP00785,DIS0161,SYM00088,Moderate,52
MAP00786,DIS0162,SYM00017,Strong,85
MAP00787,DIS0162,SYM00016,Strong,62
MAP00788,DIS0162,SYM00083,Strong,84
MAP00789,DIS0162,SYM00060,Moderate,45
MAP00790,DIS0163,SYM00034,Strong,85
MAP00791,DIS0163,SYM00035,Strong,94
MAP00792,DIS0163,SYM00094,Strong,93
MAP00793,DIS0163,SYM00024,Moderate,27
MAP00794,DIS0163,SYM00098,Moderate,58
MAP00795,DIS0164,SYM00013,Strong,66
MAP00796,DIS0164,SYM00062,Strong,88
MAP00797,DIS0164,SYM00064,Strong,89
MAP00798,DIS0164,SYM00009,Moderate,27
MAP00799,DIS0164,SYM00019,Moderate,40
MAP00800,DIS0165,SYM00013,Strong,93
MAP00801,DIS0165,SYM00009,Strong,94
MAP00802,DIS0165,SYM00010,Strong,85
MAP00803,DIS0165,SYM00001,Moderate,27
MAP00804,DIS0165,SYM00019,Moderate,49
MAP00805,DIS0166,SYM00033,Strong,93
MAP00806,DIS0166,SYM00072,Strong,63
MAP00807,DIS0166,SYM00083,Strong,72
MAP00808,DIS0166,SYM00008,Moderate,43
MAP00809,DIS0167,SYM00016,Strong,88
MAP00810,DIS0167,SYM00017,Strong,85
MAP00811,DIS0167,SYM00033,Strong,79
MAP00812,DIS0168,SYM00095,Strong,78
MAP00813,DIS0168,SYM00034,Strong,89
MAP00814,DIS0168,SYM00036,Strong,70
MAP00815,DIS0168,SYM00025,Moderate,52
MAP00816,DIS0169,SYM00038,Strong,78
MAP00817,DIS0169,SYM00039,Strong,63
MAP00818,DIS0169,SYM00020,Strong,93
MAP00819,DIS0169,SYM00004,Moderate,34
MAP00820,DIS0169,SYM00024,Moderate,54
MAP00821,DIS0170,SYM00033,Strong,88
MAP00822,DIS0170,SYM00072,Strong,65
MAP00823,DIS0170,SYM00083,Strong,92
MAP00824,DIS0170,SYM00008,Moderate,32
MAP00825,DIS0171,SYM00015,Strong,71
MAP00826,DIS0171,SYM00016,Strong,94
MAP00827,DIS0171,SYM00004,Strong,68
MAP00828,DIS0171,SYM00001,Moderate,50
MAP00829,DIS0171,SYM00076,Moderate,51
MAP00830,DIS0172,SYM00004,Strong,80
MAP00831,DIS0172,SYM00043,Strong,88
MAP00832,DIS0172,SYM00013,Strong,61
MAP00833,DIS0172,SYM00019,Moderate,36
MAP00834,DIS0172,SYM00009,Moderate,54
MAP00835,DIS0173,SYM00001,Strong,72
MAP00836,DIS0173,SYM00002,Strong,89
MAP00837,DIS0173,SYM00080,Strong,65
MAP00838,DIS0173,SYM00081,Moderate,41
MAP00839,DIS0173,SYM00004,Moderate,45
MAP00840,DIS0173,SYM00007,Moderate,35
MAP00841,DIS0173,SYM00005,Moderate,32
MAP00842,DIS0174,SYM00055,Strong,65
MAP00843,DIS0174,SYM00031,Strong,67
MAP00844,DIS0174,SYM00099,Strong,88
MAP00845,DIS0174,SYM00056,Moderate,48
MAP00846,DIS0174,SYM00053,Moderate,30
MAP00847,DIS0175,SYM00016,Strong,93
MAP00848,DIS0175,SYM00033,Strong,84
MAP00849,DIS0175,SYM00065,Strong,92
MAP00850,DIS0175,SYM00009,Moderate,35
MAP00851,DIS0175,SYM00010,Moderate,49
MAP00852,DIS0176,SYM00048,Strong,95
MAP00853,DIS0176,SYM00004,Strong,84
MAP00854,DIS0176,SYM00052,Strong,62
MAP00855,DIS0176,SYM00053,Moderate,35
MAP00856,DIS0177,SYM00039,Strong,81
MAP00857,DIS0177,SYM00040,Strong,69
MAP00858,DIS0177,SYM00004,Strong,70
MAP00859,DIS0177,SYM00088,Moderate,34
MAP00860,DIS0178,SYM00017,Strong,71
MAP00861,DIS0178,SYM00016,Strong,63
MAP00862,DIS0178,SYM00083,Strong,86
MAP00863,DIS0178,SYM00060,Moderate,44
MAP00864,DIS0179,SYM00001,Strong,79
MAP00865,DIS0179,SYM00085,Strong,88
MAP00866,DIS0179,SYM00020,Strong,78
MAP00867,DIS0179,SYM00004,Moderate,36
MAP00868,DIS0179,SYM00091,Moderate,32
MAP00869,DIS0179,SYM00028,Moderate,33
MAP00870,DIS0180,SYM00004,Strong,72
MAP00871,DIS0180,SYM00021,Strong,60
MAP00872,DIS0180,SYM00057,Strong,76
MAP00873,DIS0180,SYM00060,Moderate,25
MAP00874,DIS0180,SYM00058,Moderate,54
MAP00875,DIS0180,SYM00051,Moderate,56
MAP00876,DIS0181,SYM00017,Strong,91
MAP00877,DIS0181,SYM00016,Strong,94
MAP00878,DIS0181,SYM00060,Strong,60
MAP00879,DIS0181,SYM00083,Moderate,56
MAP00880,DIS0182,SYM00024,Strong,75
MAP00881,DIS0182,SYM00003,Strong,73
MAP00882,DIS0182,SYM00009,Strong,90
MAP00883,DIS0182,SYM00074,Moderate,54
MAP00884,DIS0183,SYM00013,Strong,86
MAP00885,DIS0183,SYM00062,Strong,88
MAP00886,DIS0183,SYM00064,Strong,65
MAP00887,DIS0183,SYM00009,Moderate,25
MAP00888,DIS0183,SYM00019,Moderate,40
MAP00889,DIS0184,SYM00013,Strong,95
MAP00890,DIS0184,SYM00062,Strong,77
MAP00891,DIS0184,SYM00011,Strong,95
MAP00892,DIS0184,SYM00012,Moderate,38
MAP00893,DIS0184,SYM00063,Moderate,28
MAP00894,DIS0185,SYM00005,Strong,71
MAP00895,DIS0185,SYM00036,Strong,69
MAP00896,DIS0185,SYM00001,Strong,63
MAP00897,DIS0185,SYM00028,Moderate,47
MAP00898,DIS0186,SYM00100,Strong,62
MAP00899,DIS0186,SYM00101,Strong,69
MAP00900,DIS0186,SYM00085,Strong,62
MAP00901,DIS0186,SYM00020,Moderate,44
MAP00902,DIS0186,SYM00001,Moderate,46
MAP00903,DIS0186,SYM00004,Moderate,30
MAP00904,DIS0187,SYM00032,Strong,63
MAP00905,DIS0187,SYM00018,Strong,66
MAP00906,DIS0187,SYM00056,Strong,86
MAP00907,DIS0187,SYM00008,Moderate,36
MAP00908,DIS0187,SYM00007,Moderate,35
MAP00909,DIS0188,SYM00003,Strong,78
MAP00910,DIS0188,SYM00076,Strong,95
MAP00911,DIS0188,SYM00009,Strong,71
MAP00912,DIS0188,SYM00024,Moderate,54
MAP00913,DIS0188,SYM00018,Moderate,48
MAP00914,DIS0189,SYM00011,Strong,62
MAP00915,DIS0189,SYM00010,Strong,65
MAP00916,DIS0189,SYM00013,Strong,79
MAP00917,DIS0189,SYM00009,Moderate,45
MAP00918,DIS0189,SYM00001,Moderate,48
MAP00919,DIS0190,SYM00029,Strong,84
MAP00920,DIS0190,SYM00004,Strong,64
MAP00921,DIS0190,SYM00004,Strong,87
MAP00922,DIS0190,SYM00004,Moderate,29
MAP00923,DIS0191,SYM00001,Strong,78
MAP00924,DIS0191,SYM00022,Strong,90
MAP00925,DIS0191,SYM00014,Strong,68
MAP00926,DIS0191,SYM00004,Moderate,32
MAP00927,DIS0191,SYM00002,Moderate,42
MAP00928,DIS0191,SYM00003,Moderate,46
MAP00929,DIS0191,SYM00005,Moderate,58
MAP00930,DIS0192,SYM00034,Strong,86
MAP00931,DIS0192,SYM00035,Strong,93
MAP00932,DIS0192,SYM00094,Strong,73
MAP00933,DIS0192,SYM00024,Moderate,38
MAP00934,DIS0192,SYM00098,Moderate,28
MAP00935,DIS0193,SYM00004,Strong,66
MAP00936,DIS0193,SYM00033,Strong,93
MAP00937,DIS0193,SYM00039,Strong,65
MAP00938,DIS0193,SYM00019,Moderate,55
MAP00939,DIS0193,SYM00031,Moderate,43
MAP00940,DIS0194,SYM00039,Strong,87
MAP00941,DIS0194,SYM00040,Strong,80
MAP00942,DIS0194,SYM00004,Strong,76
MAP00943,DIS0194,SYM00088,Moderate,58
MAP00944,DIS0195,SYM00039,Strong,82
MAP00945,DIS0195,SYM00040,Strong,68
MAP00946,DIS0195,SYM00004,Strong,91
MAP00947,DIS0195,SYM00088,Moderate,58
MAP00948,DIS0196,SYM00100,Strong,91
MAP00949,DIS0196,SYM00102,Strong,91
MAP00950,DIS0196,SYM00004,Strong,71
MAP00951,DIS0196,SYM00066,Moderate,39
MAP00952,DIS0196,SYM00005,Moderate,43
MAP00953,DIS0197,SYM00004,Strong,72
MAP00954,DIS0197,SYM00083,Strong,60
MAP00955,DIS0197,SYM00020,Strong,67
MAP00956,DIS0197,SYM00004,Moderate,26
MAP00957,DIS0197,SYM00033,Moderate,54
MAP00958,DIS0198,SYM00001,Strong,67
MAP00959,DIS0198,SYM00022,Strong,73
MAP00960,DIS0198,SYM00023,Strong,86
MAP00961,DIS0198,SYM00003,Moderate,51
MAP00962,DIS0198,SYM00009,Moderate,27
MAP00963,DIS0198,SYM00010,Moderate,46
MAP00964,DIS0198,SYM00014,Moderate,47
MAP00965,DIS0199,SYM00013,Strong,95
MAP00966,DIS0199,SYM00041,Strong,73
MAP00967,DIS0199,SYM00040,Strong,60
MAP00968,DIS0199,SYM00009,Moderate,37
MAP00969,DIS0199,SYM00029,Moderate,43
MAP00970,DIS0200,SYM00066,Strong,76
MAP00971,DIS0200,SYM00007,Strong,64
MAP00972,DIS0200,SYM00102,Strong,79
MAP00973,DIS0200,SYM00002,Moderate,44
MAP00974,DIS0200,SYM00065,Moderate,57
MAP00975,DIS0201,SYM00032,Strong,95
MAP00976,DIS0201,SYM00018,Strong,80
MAP00977,DIS0201,SYM00056,Strong,60
MAP00978,DIS0201,SYM00008,Moderate,32
MAP00979,DIS0201,SYM00007,Moderate,46
MAP00980,DIS0202,SYM00027,Strong,81
MAP00981,DIS0202,SYM00003,Strong,85
MAP00982,DIS0202,SYM00095,Strong,61
MAP00983,DIS0202,SYM00045,Moderate,36
MAP00984,DIS0202,SYM00047,Moderate,37
MAP00985,DIS0203,SYM00055,Strong,81
MAP00986,DIS0203,SYM00031,Strong,81
MAP00987,DIS0203,SYM00099,Strong,90
MAP00988,DIS0203,SYM00056,Moderate,55
MAP00989,DIS0203,SYM00053,Moderate,27
MAP00990,DIS0204,SYM00001,Strong,68
MAP00991,DIS0204,SYM00003,Strong,90
MAP00992,DIS0204,SYM00015,Strong,69
MAP00993,DIS0204,SYM00014,Moderate,54
MAP00994,DIS0204,SYM00016,Moderate,59
MAP00995,DIS0204,SYM00046,Moderate,46
MAP00996,DIS0204,SYM00009,Moderate,54
MAP00997,DIS0205,SYM00015,Strong,86
MAP00998,DIS0205,SYM00073,Strong,63
MAP00999,DIS0205,SYM00033,Strong,93
MAP01000,DIS0205,SYM00094,Moderate,44
MAP01001,DIS0206,SYM00034,Strong,80
MAP01002,DIS0206,SYM00035,Strong,95
MAP01003,DIS0206,SYM00094,Strong,94
MAP01004,DIS0206,SYM00024,Moderate,26
MAP01005,DIS0206,SYM00098,Moderate,38
MAP01006,DIS0207,SYM00015,Strong,81
MAP01007,DIS0207,SYM00033,Strong,82
MAP01008,DIS0207,SYM00004,Strong,64
MAP01009,DIS0207,SYM00004,Moderate,34
MAP01010,DIS0208,SYM00015,Strong,77
MAP01011,DIS0208,SYM00033,Strong,61
MAP01012,DIS0208,SYM00004,Strong,81
MAP01013,DIS0208,SYM00004,Moderate,49
MAP01014,DIS0209,SYM00016,Strong,94
MAP01015,DIS0209,SYM00083,Strong,70
MAP01016,DIS0209,SYM00017,Strong,84
MAP01017,DIS0210,SYM00040,Strong,71
MAP01018,DIS0210,SYM00039,Strong,67
MAP01019,DIS0210,SYM00013,Strong,79
MAP01020,DIS0210,SYM00041,Moderate,45
MAP01021,DIS0210,SYM00001,Moderate,27
MAP01022,DIS0211,SYM00039,Strong,77
MAP01023,DIS0211,SYM00040,Strong,86
MAP01024,DIS0211,SYM00041,Strong,65
MAP01025,DIS0211,SYM00088,Moderate,56
MAP01026,DIS0212,SYM00001,Strong,75
MAP01027,DIS0212,SYM00085,Strong,83
MAP01028,DIS0212,SYM00020,Strong,88
MAP01029,DIS0212,SYM00004,Moderate,44
MAP01030,DIS0212,SYM00091,Moderate,38
MAP01031,DIS0212,SYM00028,Moderate,58
MAP01032,DIS0213,SYM00015,Strong,79
MAP01033,DIS0213,SYM00033,Strong,71
MAP01034,DIS0213,SYM00004,Strong,67
MAP01035,DIS0213,SYM00004,Moderate,48
MAP01036,DIS0214,SYM00016,Strong,62
MAP01037,DIS0214,SYM00017,Strong,72
MAP01038,DIS0214,SYM00001,Strong,65
MAP01039,DIS0214,SYM00004,Moderate,53
MAP01040,DIS0214,SYM00019,Moderate,57
MAP01041,DIS0215,SYM00011,Strong,61
MAP01042,DIS0215,SYM00010,Strong,90
MAP01043,DIS0215,SYM00013,Strong,92
MAP01044,DIS0215,SYM00009,Moderate,34
MAP01045,DIS0215,SYM00001,Moderate,37
MAP01046,DIS0216,SYM00038,Strong,81
MAP01047,DIS0216,SYM00039,Strong,90
MAP01048,DIS0216,SYM00020,Strong,93
MAP01049,DIS0216,SYM00004,Moderate,44
MAP01050,DIS0216,SYM00024,Moderate,45
MAP01051,DIS0217,SYM00004,Strong,69
MAP01052,DIS0217,SYM00033,Strong,66
MAP01053,DIS0217,SYM00039,Strong,93
MAP01054,DIS0217,SYM00019,Moderate,33
MAP01055,DIS0217,SYM00031,Moderate,38
MAP01056,DIS0218,SYM00014,Strong,62
MAP01057,DIS0218,SYM00004,Strong,89
MAP01058,DIS0218,SYM00048,Strong,84
MAP01059,DIS0218,SYM00053,Moderate,58
MAP01060,DIS0218,SYM00051,Moderate,32
MAP01061,DIS0219,SYM00055,Strong,60
MAP01062,DIS0219,SYM00031,Strong,79
MAP01063,DIS0219,SYM00099,Strong,62
MAP01064,DIS0219,SYM00056,Moderate,30
MAP01065,DIS0219,SYM00053,Moderate,46
MAP01066,DIS0220,SYM00015,Strong,89
MAP01067,DIS0220,SYM00033,Strong,62
MAP01068,DIS0220,SYM00073,Strong,66
MAP01069,DIS0220,SYM00004,Moderate,58
MAP01070,DIS0220,SYM00001,Moderate,44
MAP01071,DIS0221,SYM00006,Strong,61
MAP01072,DIS0221,SYM00026,Strong,79
MAP01073,DIS0221,SYM00005,Strong,73
MAP01074,DIS0221,SYM00002,Moderate,45
MAP01075,DIS0221,SYM00027,Moderate,37
MAP01076,DIS0221,SYM00004,Moderate,37
MAP01077,DIS0222,SYM00032,Strong,78
MAP01078,DIS0222,SYM00018,Strong,77
MAP01079,DIS0222,SYM00056,Strong,94
MAP01080,DIS0222,SYM00008,Moderate,45
MAP01081,DIS0222,SYM00007,Moderate,53
MAP01082,DIS0223,SYM00016,Strong,67
MAP01083,DIS0223,SYM00017,Strong,77
MAP01084,DIS0223,SYM00001,Strong,69
MAP01085,DIS0223,SYM00004,Moderate,35
MAP01086,DIS0223,SYM00019,Moderate,42
MAP01087,DIS0224,SYM00005,Strong,67
MAP01088,DIS0224,SYM00036,Strong,60
MAP01089,DIS0224,SYM00001,Strong,95
MAP01090,DIS0224,SYM00028,Moderate,57
MAP01091,DIS0225,SYM00026,Strong,66
MAP01092,DIS0225,SYM00006,Strong,73
MAP01093,DIS0225,SYM00017,Strong,94
MAP01094,DIS0225,SYM00075,Moderate,47
MAP01095,DIS0225,SYM00027,Moderate,45
MAP01096,DIS0226,SYM00013,Strong,77
MAP01097,DIS0226,SYM00009,Strong,69
MAP01098,DIS0226,SYM00010,Strong,78
MAP01099,DIS0226,SYM00001,Moderate,40
MAP01100,DIS0226,SYM00067,Moderate,35
MAP01101,DIS0227,SYM00013,Strong,64
MAP01102,DIS0227,SYM00009,Strong,79
MAP01103,DIS0227,SYM00010,Strong,81
MAP01104,DIS0227,SYM00043,Moderate,59
MAP01105,DIS0227,SYM00062,Moderate,53
MAP01106,DIS0228,SYM00039,Strong,63
MAP01107,DIS0228,SYM00040,Strong,68
MAP01108,DIS0228,SYM00041,Strong,61
MAP01109,DIS0228,SYM00088,Moderate,55
MAP01110,DIS0229,SYM00052,Strong,63
MAP01111,DIS0229,SYM00048,Strong,66
MAP01112,DIS0229,SYM00049,Strong,84
MAP01113,DIS0229,SYM00050,Moderate,28
MAP01114,DIS0229,SYM00051,Moderate,30
MAP01115,DIS0230,SYM00048,Strong,87
MAP01116,DIS0230,SYM00004,Strong,85
MAP01117,DIS0230,SYM00052,Strong,71
MAP01118,DIS0230,SYM00053,Moderate,53
MAP01119,DIS0231,SYM00016,Strong,82
MAP01120,DIS0231,SYM00083,Strong,79
MAP01121,DIS0231,SYM00017,Strong,81
MAP01122,DIS0232,SYM00013,Strong,72
MAP01123,DIS0232,SYM00009,Strong,94
MAP01124,DIS0232,SYM00010,Strong,65
MAP01125,DIS0232,SYM00001,Moderate,54
MAP01126,DIS0232,SYM00067,Moderate,33
MAP01127,DIS0233,SYM00026,Strong,65
MAP01128,DIS0233,SYM00006,Strong,89
MAP01129,DIS0233,SYM00017,Strong,66
MAP01130,DIS0233,SYM00075,Moderate,54
MAP01131,DIS0233,SYM00027,Moderate,44
MAP01132,DIS0234,SYM00013,Strong,89
MAP01133,DIS0234,SYM00009,Strong,90
MAP01134,DIS0234,SYM00010,Strong,74
MAP01135,DIS0234,SYM00001,Moderate,39
MAP01136,DIS0234,SYM00019,Moderate,34
MAP01137,DIS0235,SYM00016,Strong,76
MAP01138,DIS0235,SYM00017,Strong,83
MAP01139,DIS0235,SYM00033,Strong,85
MAP01140,DIS0236,SYM00001,Strong,71
MAP01141,DIS0236,SYM00022,Strong,81
MAP01142,DIS0236,SYM00014,Strong,80
MAP01143,DIS0236,SYM00004,Moderate,54
MAP01144,DIS0236,SYM00002,Moderate,56
MAP01145,DIS0236,SYM00003,Moderate,26
MAP01146,DIS0236,SYM00005,Moderate,29
MAP01147,DIS0237,SYM00004,Strong,90
MAP01148,DIS0237,SYM00021,Strong,67
MAP01149,DIS0237,SYM00057,Strong,82
MAP01150,DIS0237,SYM00060,Moderate,55
MAP01151,DIS0237,SYM00058,Moderate,54
MAP01152,DIS0237,SYM00051,Moderate,35
MAP01153,DIS0238,SYM00027,Strong,78
MAP01154,DIS0238,SYM00003,Strong,82
MAP01155,DIS0238,SYM00095,Strong,68
MAP01156,DIS0238,SYM00045,Moderate,57
MAP01157,DIS0238,SYM00047,Moderate,31
MAP01158,DIS0239,SYM00051,Strong,85
MAP01159,DIS0239,SYM00048,Strong,66
MAP01160,DIS0239,SYM00019,Strong,80
MAP01161,DIS0239,SYM00004,Moderate,29
MAP01162,DIS0239,SYM00053,Moderate,44
MAP01163,DIS0240,SYM00048,Strong,94
MAP01164,DIS0240,SYM00004,Strong,89
MAP01165,DIS0240,SYM00052,Strong,85
MAP01166,DIS0240,SYM00053,Moderate,51
MAP01167,DIS0241,SYM00016,Strong,75
MAP01168,DIS0241,SYM00001,Strong,75
MAP01169,DIS0241,SYM00002,Strong,95
MAP01170,DIS0241,SYM00006,Moderate,35
MAP01171,DIS0241,SYM00074,Moderate,55
MAP01172,DIS0241,SYM00076,Moderate,49
MAP01173,DIS0242,SYM00015,Strong,64
MAP01174,DIS0242,SYM00033,Strong,81
MAP01175,DIS0242,SYM00073,Strong,73
MAP01176,DIS0242,SYM00004,Moderate,52
MAP01177,DIS0242,SYM00001,Moderate,52
MAP01178,DIS0243,SYM00033,Strong,81
MAP01179,DIS0243,SYM00072,Strong,94
MAP01180,DIS0243,SYM00083,Strong,75
MAP01181,DIS0243,SYM00008,Moderate,36
MAP01182,DIS0244,SYM00001,Strong,64
MAP01183,DIS0244,SYM00002,Strong,91
MAP01184,DIS0244,SYM00101,Strong,67
MAP01185,DIS0244,SYM00008,Moderate,54
MAP01186,DIS0244,SYM00007,Moderate,45
MAP01187,DIS0244,SYM00022,Moderate,31
MAP01188,DIS0244,SYM00103,Moderate,53
MAP01189,DIS0245,SYM00029,Strong,71
MAP01190,DIS0245,SYM00014,Strong,79
MAP01191,DIS0245,SYM00073,Strong,85
MAP01192,DIS0245,SYM00097,Moderate,29
MAP01193,DIS0246,SYM00018,Strong,66
MAP01194,DIS0246,SYM00098,Strong,84
MAP01195,DIS0246,SYM00009,Strong,80
MAP01196,DIS0246,SYM00078,Moderate,56
MAP01197,DIS0247,SYM00029,Strong,63
MAP01198,DIS0247,SYM00004,Strong,65
MAP01199,DIS0247,SYM00004,Strong,73
MAP01200,DIS0247,SYM00004,Moderate,33
MAP01201,DIS0248,SYM00050,Strong,60
MAP01202,DIS0248,SYM00048,Strong,69
MAP01203,DIS0248,SYM00067,Strong,69
MAP01204,DIS0248,SYM00014,Moderate,53
MAP01205,DIS0248,SYM00052,Moderate,59
MAP01206,DIS0249,SYM00043,Strong,78
MAP01207,DIS0249,SYM00004,Strong,84
MAP01208,DIS0249,SYM00033,Strong,88
MAP01209,DIS0249,SYM00084,Moderate,37
MAP01210,DIS0249,SYM00031,Moderate,38
MAP01211,DIS0250,SYM00016,Strong,80
MAP01212,DIS0250,SYM00017,Strong,79
MAP01213,DIS0250,SYM00033,Strong,79
MAP01214,DIS0251,SYM00100,Strong,87
MAP01215,DIS0251,SYM00101,Strong,82
MAP01216,DIS0251,SYM00085,Strong,65
MAP01217,DIS0251,SYM00020,Moderate,25
MAP01218,DIS0251,SYM00001,Moderate,57
MAP01219,DIS0251,SYM00004,Moderate,50
MAP01220,DIS0252,SYM00042,Strong,68
MAP01221,DIS0252,SYM00013,Strong,78
MAP01222,DIS0252,SYM00020,Strong,63
MAP01223,DIS0252,SYM00004,Moderate,48
MAP01224,DIS0252,SYM00062,Moderate,28
MAP01225,DIS0253,SYM00043,Strong,60
MAP01226,DIS0253,SYM00004,Strong,95
MAP01227,DIS0253,SYM00033,Strong,82
MAP01228,DIS0253,SYM00084,Moderate,32
MAP01229,DIS0253,SYM00031,Moderate,43
MAP01230,DIS0254,SYM00016,Strong,61
MAP01231,DIS0254,SYM00017,Strong,75
MAP01232,DIS0254,SYM00033,Strong,87
MAP01233,DIS0255,SYM00053,Strong,85
MAP01234,DIS0255,SYM00031,Strong,80
MAP01235,DIS0255,SYM00052,Strong,84
MAP01236,DIS0255,SYM00097,Moderate,50
MAP01237,DIS0255,SYM00048,Moderate,49
MAP01238,DIS0256,SYM00066,Strong,87
MAP01239,DIS0256,SYM00007,Strong,94
MAP01240,DIS0256,SYM00102,Strong,73
MAP01241,DIS0256,SYM00002,Moderate,36
MAP01242,DIS0256,SYM00065,Moderate,55
MAP01243,DIS0257,SYM00027,Strong,68
MAP01244,DIS0257,SYM00003,Strong,72
MAP01245,DIS0257,SYM00095,Strong,95
MAP01246,DIS0257,SYM00045,Moderate,49
MAP01247,DIS0257,SYM00047,Moderate,48
MAP01248,DIS0258,SYM00017,Strong,86
MAP01249,DIS0258,SYM00016,Strong,69
MAP01250,DIS0258,SYM00060,Strong,78
MAP01251,DIS0258,SYM00083,Moderate,33
MAP01252,DIS0259,SYM00016,Strong,68
MAP01253,DIS0259,SYM00017,Strong,60
MAP01254,DIS0259,SYM00001,Strong,64
MAP01255,DIS0259,SYM00004,Moderate,26
MAP01256,DIS0259,SYM00019,Moderate,34
MAP01257,DIS0260,SYM00024,Strong,91
MAP01258,DIS0260,SYM00003,Strong,87
MAP01259,DIS0260,SYM00009,Strong,68
MAP01260,DIS0260,SYM00074,Moderate,30
MAP01261,DIS0261,SYM00015,Strong,68
MAP01262,DIS0261,SYM00073,Strong,86
MAP01263,DIS0261,SYM00033,Strong,89
MAP01264,DIS0261,SYM00094,Moderate,52
MAP01265,DIS0262,SYM00039,Strong,71
MAP01266,DIS0262,SYM00040,Strong,89
MAP01267,DIS0262,SYM00004,Strong,92
MAP01268,DIS0262,SYM00088,Moderate,52
MAP01269,DIS0263,SYM00024,Strong,95
MAP01270,DIS0263,SYM00003,Strong,88
MAP01271,DIS0263,SYM00009,Strong,84
MAP01272,DIS0263,SYM00074,Moderate,47
MAP01273,DIS0264,SYM00004,Strong,74
MAP01274,DIS0264,SYM00043,Strong,71
MAP01275,DIS0264,SYM00013,Strong,87
MAP01276,DIS0264,SYM00019,Moderate,25
MAP01277,DIS0264,SYM00009,Moderate,56
MAP01278,DIS0265,SYM00001,Strong,75
MAP01279,DIS0265,SYM00022,Strong,92
MAP01280,DIS0265,SYM00014,Strong,77
MAP01281,DIS0265,SYM00004,Moderate,51
MAP01282,DIS0265,SYM00002,Moderate,59
MAP01283,DIS0265,SYM00003,Moderate,48
MAP01284,DIS0265,SYM00005,Moderate,27
MAP01285,DIS0266,SYM00004,Strong,62
MAP01286,DIS0266,SYM00033,Strong,90
MAP01287,DIS0266,SYM00039,Strong,83
MAP01288,DIS0266,SYM00019,Moderate,32
MAP01289,DIS0266,SYM00031,Moderate,55
MAP01290,DIS0267,SYM00015,Strong,65
MAP01291,DIS0267,SYM00073,Strong,69
MAP01292,DIS0267,SYM00033,Strong,93
MAP01293,DIS0267,SYM00094,Moderate,42
MAP01294,DIS0268,SYM00004,Strong,89
MAP01295,DIS0268,SYM00021,Strong,93
MAP01296,DIS0268,SYM00057,Strong,65
MAP01297,DIS0268,SYM00060,Moderate,58
MAP01298,DIS0268,SYM00058,Moderate,30
MAP01299,DIS0268,SYM00051,Moderate,40
MAP01300,DIS0269,SYM00011,Strong,90
MAP01301,DIS0269,SYM00010,Strong,64
MAP01302,DIS0269,SYM00013,Strong,94
MAP01303,DIS0269,SYM00009,Moderate,44
MAP01304,DIS0269,SYM00001,Moderate,28
MAP01305,DIS0270,SYM00048,Strong,81
MAP01306,DIS0270,SYM00004,Strong,94
MAP01307,DIS0270,SYM00052,Strong,60
MAP01308,DIS0270,SYM00053,Moderate,55
MAP01309,DIS0271,SYM00016,Strong,89
MAP01310,DIS0271,SYM00001,Strong,92
MAP01311,DIS0271,SYM00002,Strong,90
MAP01312,DIS0271,SYM00006,Moderate,46
MAP01313,DIS0271,SYM00074,Moderate,51
MAP01314,DIS0271,SYM00076,Moderate,47
MAP01315,DIS0272,SYM00038,Strong,78
MAP01316,DIS0272,SYM00039,Strong,78
MAP01317,DIS0272,SYM00004,Strong,70
MAP01318,DIS0272,SYM00024,Moderate,27
MAP01319,DIS0272,SYM00092,Moderate,44
MAP01320,DIS0273,SYM00017,Strong,76
MAP01321,DIS0273,SYM00016,Strong,63
MAP01322,DIS0273,SYM00083,Strong,90
MAP01323,DIS0273,SYM00060,Moderate,35
MAP01324,DIS0274,SYM00039,Strong,63
MAP01325,DIS0274,SYM00040,Strong,78
MAP01326,DIS0274,SYM00041,Strong,61
MAP01327,DIS0274,SYM00088,Moderate,43
MAP01328,DIS0275,SYM00064,Strong,91
MAP01329,DIS0275,SYM00008,Strong,65
MAP01330,DIS0275,SYM00036,Strong,68
MAP01331,DIS0275,SYM00045,Moderate,57
MAP01332,DIS0276,SYM00004,Strong,64
MAP01333,DIS0276,SYM00004,Strong,77
MAP01334,DIS0276,SYM00007,Strong,76
MAP01335,DIS0276,SYM00018,Moderate,33
MAP01336,DIS0276,SYM00057,Moderate,42
MAP01337,DIS0277,SYM00016,Strong,77
MAP01338,DIS0277,SYM00001,Strong,76
MAP01339,DIS0277,SYM00002,Strong,60
MAP01340,DIS0277,SYM00006,Moderate,32
MAP01341,DIS0277,SYM00074,Moderate,36
MAP01342,DIS0277,SYM00076,Moderate,34
MAP01343,DIS0278,SYM00004,Strong,88
MAP01344,DIS0278,SYM00021,Strong,83
MAP01345,DIS0278,SYM00057,Strong,71
MAP01346,DIS0278,SYM00060,Moderate,41
MAP01347,DIS0278,SYM00058,Moderate,40
MAP01348,DIS0278,SYM00051,Moderate,56
MAP01349,DIS0279,SYM00053,Strong,71
MAP01350,DIS0279,SYM00031,Strong,93
MAP01351,DIS0279,SYM00052,Strong,62
MAP01352,DIS0279,SYM00097,Moderate,46
MAP01353,DIS0279,SYM00048,Moderate,30
MAP01354,DIS0280,SYM00054,Strong,69
MAP01355,DIS0280,SYM00094,Strong,69
MAP01356,DIS0280,SYM00097,Strong,91
MAP01357,DIS0280,SYM00096,Moderate,51
MAP01358,DIS0280,SYM00098,Moderate,49
MAP01359,DIS0281,SYM00003,Strong,75
MAP01360,DIS0281,SYM00076,Strong,88
MAP01361,DIS0281,SYM00009,Strong,70
MAP01362,DIS0281,SYM00024,Moderate,38
MAP01363,DIS0281,SYM00018,Moderate,47
MAP01364,DIS0282,SYM00020,Strong,63
MAP01365,DIS0282,SYM00067,Strong,76
MAP01366,DIS0282,SYM00023,Strong,67
MAP01367,DIS0282,SYM00054,Moderate,28
MAP01368,DIS0282,SYM00050,Moderate,35
MAP01369,DIS0282,SYM00048,Moderate,54
MAP01370,DIS0283,SYM00051,Strong,85
MAP01371,DIS0283,SYM00048,Strong,90
MAP01372,DIS0283,SYM00019,Strong,79
MAP01373,DIS0283,SYM00004,Moderate,55
MAP01374,DIS0283,SYM00053,Moderate,59
MAP01375,DIS0284,SYM00001,Strong,74
MAP01376,DIS0284,SYM00022,Strong,84
MAP01377,DIS0284,SYM00014,Strong,84
MAP01378,DIS0284,SYM00004,Moderate,55
MAP01379,DIS0284,SYM00002,Moderate,41
MAP01380,DIS0284,SYM00003,Moderate,34
MAP01381,DIS0284,SYM00005,Moderate,58
MAP01382,DIS0285,SYM00043,Strong,87
MAP01383,DIS0285,SYM00004,Strong,60
MAP01384,DIS0285,SYM00009,Strong,78
MAP01385,DIS0285,SYM00013,Moderate,53
MAP01386,DIS0285,SYM00019,Moderate,49
MAP01387,DIS0286,SYM00054,Strong,80
MAP01388,DIS0286,SYM00094,Strong,93
MAP01389,DIS0286,SYM00097,Strong,62
MAP01390,DIS0286,SYM00096,Moderate,31
MAP01391,DIS0286,SYM00098,Moderate,59
MAP01392,DIS0287,SYM00064,Strong,82
MAP01393,DIS0287,SYM00008,Strong,87
MAP01394,DIS0287,SYM00036,Strong,77
MAP01395,DIS0287,SYM00045,Moderate,46
MAP01396,DIS0288,SYM00050,Strong,77
MAP01397,DIS0288,SYM00048,Strong,77
MAP01398,DIS0288,SYM00067,Strong,66
MAP01399,DIS0288,SYM00014,Moderate,41
MAP01400,DIS0288,SYM00052,Moderate,50
MAP01401,DIS0289,SYM00013,Strong,89
MAP01402,DIS0289,SYM00042,Strong,75
MAP01403,DIS0289,SYM00011,Strong,72
MAP01404,DIS0289,SYM00020,Moderate,58
MAP01405,DIS0289,SYM00004,Moderate,46
MAP01406,DIS0290,SYM00004,Strong,71
MAP01407,DIS0290,SYM00033,Strong,80
MAP01408,DIS0290,SYM00039,Strong,95
MAP01409,DIS0290,SYM00019,Moderate,25
MAP01410,DIS0290,SYM00031,Moderate,25
MAP01411,DIS0291,SYM00032,Strong,64
MAP01412,DIS0291,SYM00018,Strong,60
MAP01413,DIS0291,SYM00056,Strong,86
MAP01414,DIS0291,SYM00008,Moderate,31
MAP01415,DIS0291,SYM00007,Moderate,58
MAP01416,DIS0292,SYM00016,Strong,66
MAP01417,DIS0292,SYM00001,Strong,88
MAP01418,DIS0292,SYM00002,Strong,82
MAP01419,DIS0292,SYM00006,Moderate,39
MAP01420,DIS0292,SYM00074,Moderate,43
MAP01421,DIS0292,SYM00076,Moderate,41
MAP01422,DIS0293,SYM00016,Strong,72
MAP01423,DIS0293,SYM00001,Strong,62
MAP01424,DIS0293,SYM00002,Strong,61
MAP01425,DIS0293,SYM00006,Moderate,30
MAP01426,DIS0293,SYM00074,Moderate,28
MAP01427,DIS0293,SYM00076,Moderate,38
MAP01428,DIS0294,SYM00013,Strong,67
MAP01429,DIS0294,SYM00042,Strong,67
MAP01430,DIS0294,SYM00011,Strong,65
MAP01431,DIS0294,SYM00020,Moderate,33
MAP01432,DIS0294,SYM00004,Moderate,49
MAP01433,DIS0295,SYM00001,Strong,71
MAP01434,DIS0295,SYM00013,Strong,67
MAP01435,DIS0295,SYM00003,Strong,71
MAP01436,DIS0295,SYM00020,Moderate,41
MAP01437,DIS0295,SYM00012,Moderate,43
MAP01438,DIS0295,SYM00004,Moderate,54
MAP01439,DIS0296,SYM00042,Strong,64
MAP01440,DIS0296,SYM00013,Strong,89
MAP01441,DIS0296,SYM00020,Strong,77
MAP01442,DIS0296,SYM00004,Moderate,52
MAP01443,DIS0296,SYM00062,Moderate,45
MAP01444,DIS0297,SYM00024,Strong,76
MAP01445,DIS0297,SYM00077,Strong,70
MAP01446,DIS0297,SYM00076,Strong,64
MAP01447,DIS0298,SYM00020,Strong,77
MAP01448,DIS0298,SYM00067,Strong,63
MAP01449,DIS0298,SYM00023,Strong,84
MAP01450,DIS0298,SYM00054,Moderate,49
MAP01451,DIS0298,SYM00050,Moderate,46
MAP01452,DIS0298,SYM00048,Moderate,28
MAP01453,DIS0299,SYM00001,Strong,76
MAP01454,DIS0299,SYM00002,Strong,76
MAP01455,DIS0299,SYM00101,Strong,71
MAP01456,DIS0299,SYM00008,Moderate,53
MAP01457,DIS0299,SYM00007,Moderate,29
MAP01458,DIS0299,SYM00022,Moderate,56
MAP01459,DIS0299,SYM00103,Moderate,37
MAP01460,DIS0300,SYM00005,Strong,85
MAP01461,DIS0300,SYM00036,Strong,71
MAP01462,DIS0300,SYM00001,Strong,91
MAP01463,DIS0300,SYM00028,Moderate,31
MAP01464,DIS0301,SYM00043,Strong,69
MAP01465,DIS0301,SYM00004,Strong,94
MAP01466,DIS0301,SYM00013,Strong,87
MAP01467,DIS0301,SYM00015,Moderate,38
MAP01468,DIS0301,SYM00004,Moderate,31
MAP01469,DIS0302,SYM00006,Strong,88
MAP01470,DIS0302,SYM00026,Strong,76
MAP01471,DIS0302,SYM00005,Strong,66
MAP01472,DIS0302,SYM00002,Moderate,27
MAP01473,DIS0302,SYM00027,Moderate,29
MAP01474,DIS0302,SYM00004,Moderate,29
MAP01475,DIS0303,SYM00100,Strong,76
MAP01476,DIS0303,SYM00101,Strong,88
MAP01477,DIS0303,SYM00008,Strong,61
MAP01478,DIS0303,SYM00020,Moderate,56
MAP01479,DIS0303,SYM00007,Moderate,34
MAP01480,DIS0304,SYM00017,Strong,60
MAP01481,DIS0304,SYM00016,Strong,62
MAP01482,DIS0304,SYM00060,Strong,84
MAP01483,DIS0304,SYM00083,Moderate,42
MAP01484,DIS0305,SYM00004,Strong,69
MAP01485,DIS0305,SYM00001,Strong,81
MAP01486,DIS0305,SYM00084,Strong,85
MAP01487,DIS0305,SYM00020,Moderate,25
MAP01488,DIS0305,SYM00028,Moderate,57
MAP01489,DIS0305,SYM00085,Moderate,56
MAP01490,DIS0306,SYM00001,Strong,90
MAP01491,DIS0306,SYM00002,Strong,87
MAP01492,DIS0306,SYM00080,Strong,85
MAP01493,DIS0306,SYM00081,Moderate,29
MAP01494,DIS0306,SYM00004,Moderate,59
MAP01495,DIS0306,SYM00007,Moderate,39
MAP01496,DIS0306,SYM00005,Moderate,25
MAP01497,DIS0307,SYM00039,Strong,84
MAP01498,DIS0307,SYM00040,Strong,90
MAP01499,DIS0307,SYM00004,Strong,67
MAP01500,DIS0307,SYM00088,Moderate,59
MAP01501,DIS0308,SYM00013,Strong,82
MAP01502,DIS0308,SYM00042,Strong,81
MAP01503,DIS0308,SYM00011,Strong,79
MAP01504,DIS0308,SYM00020,Moderate,50
MAP01505,DIS0308,SYM00004,Moderate,28
MAP01506,DIS0309,SYM00016,Strong,65
MAP01507,DIS0309,SYM00017,Strong,83
MAP01508,DIS0309,SYM00001,Strong,94
MAP01509,DIS0309,SYM00004,Moderate,46
MAP01510,DIS0309,SYM00019,Moderate,30
MAP01511,DIS0310,SYM00003,Strong,89
MAP01512,DIS0310,SYM00076,Strong,78
MAP01513,DIS0310,SYM00009,Strong,72
MAP01514,DIS0310,SYM00024,Moderate,36
MAP01515,DIS0310,SYM00018,Moderate,27
MAP01516,DIS0311,SYM00016,Strong,84
MAP01517,DIS0311,SYM00033,Strong,72
MAP01518,DIS0311,SYM00065,Strong,79
MAP01519,DIS0311,SYM00009,Moderate,49
MAP01520,DIS0311,SYM00010,Moderate,31
MAP01521,DIS0312,SYM00015,Strong,82
MAP01522,DIS0312,SYM00016,Strong,91
MAP01523,DIS0312,SYM00004,Strong,65
MAP01524,DIS0312,SYM00001,Moderate,53
MAP01525,DIS0312,SYM00076,Moderate,37
MAP01526,DIS0313,SYM00014,Strong,68
MAP01527,DIS0313,SYM00004,Strong,62
MAP01528,DIS0313,SYM00048,Strong,72
MAP01529,DIS0313,SYM00053,Moderate,26
MAP01530,DIS0313,SYM00051,Moderate,40
MAP01531,DIS0314,SYM00017,Strong,91
MAP01532,DIS0314,SYM00016,Strong,84
MAP01533,DIS0314,SYM00083,Strong,64
MAP01534,DIS0314,SYM00060,Moderate,59
MAP01535,DIS0315,SYM00016,Strong,79
MAP01536,DIS0315,SYM00017,Strong,91
MAP01537,DIS0315,SYM00033,Strong,94
MAP01538,DIS0316,SYM00007,Strong,88
MAP01539,DIS0316,SYM00071,Strong,61
MAP01540,DIS0316,SYM00004,Strong,62
MAP01541,DIS0316,SYM00067,Moderate,46
MAP01542,DIS0316,SYM00100,Moderate,28
MAP01543,DIS0317,SYM00004,Strong,81
MAP01544,DIS0317,SYM00004,Strong,62
MAP01545,DIS0317,SYM00007,Strong,85
MAP01546,DIS0317,SYM00018,Moderate,32
MAP01547,DIS0317,SYM00057,Moderate,38
MAP01548,DIS0318,SYM00004,Strong,93
MAP01549,DIS0318,SYM00083,Strong,89
MAP01550,DIS0318,SYM00020,Strong,94
MAP01551,DIS0318,SYM00004,Moderate,34
MAP01552,DIS0318,SYM00033,Moderate,39
MAP01553,DIS0319,SYM00014,Strong,64
MAP01554,DIS0319,SYM00004,Strong,62
MAP01555,DIS0319,SYM00048,Strong,69
MAP01556,DIS0319,SYM00053,Moderate,56
MAP01557,DIS0319,SYM00051,Moderate,26
MAP01558,DIS0320,SYM00017,Strong,90
MAP01559,DIS0320,SYM00016,Strong,62
MAP01560,DIS0320,SYM00060,Strong,75
MAP01561,DIS0320,SYM00083,Moderate,33
MAP01562,DIS0321,SYM00013,Strong,60
MAP01563,DIS0321,SYM00009,Strong,71
MAP01564,DIS0321,SYM00010,Strong,63
MAP01565,DIS0321,SYM00001,Moderate,44
MAP01566,DIS0321,SYM00067,Moderate,31
MAP01567,DIS0322,SYM00015,Strong,89
MAP01568,DIS0322,SYM00016,Strong,70
MAP01569,DIS0322,SYM00004,Strong,64
MAP01570,DIS0322,SYM00001,Moderate,31
MAP01571,DIS0322,SYM00076,Moderate,32
MAP01572,DIS0323,SYM00084,Strong,91
MAP01573,DIS0323,SYM00046,Strong,74
MAP01574,DIS0323,SYM00041,Strong,64
MAP01575,DIS0323,SYM00004,Moderate,37
MAP01576,DIS0324,SYM00042,Strong,87
MAP01577,DIS0324,SYM00013,Strong,81
MAP01578,DIS0324,SYM00020,Strong,85
MAP01579,DIS0324,SYM00004,Moderate,45
MAP01580,DIS0324,SYM00062,Moderate,32
MAP01581,DIS0325,SYM00013,Strong,94
MAP01582,DIS0325,SYM00041,Strong,68
MAP01583,DIS0325,SYM00040,Strong,80
MAP01584,DIS0325,SYM00009,Moderate,38
MAP01585,DIS0325,SYM00029,Moderate,27
MAP01586,DIS0326,SYM00013,Strong,71
MAP01587,DIS0326,SYM00042,Strong,81
MAP01588,DIS0326,SYM00011,Strong,64
MAP01589,DIS0326,SYM00020,Moderate,32
MAP01590,DIS0326,SYM00004,Moderate,42
MAP01591,DIS0327,SYM00001,Strong,69
MAP01592,DIS0327,SYM00013,Strong,86
MAP01593,DIS0327,SYM00003,Strong,70
MAP01594,DIS0327,SYM00020,Moderate,48
MAP01595,DIS0327,SYM00012,Moderate,35
MAP01596,DIS0327,SYM00004,Moderate,53
MAP01597,DIS0328,SYM00027,Strong,75
MAP01598,DIS0328,SYM00003,Strong,62
MAP01599,DIS0328,SYM00095,Strong,68
MAP01600,DIS0328,SYM00045,Moderate,31
MAP01601,DIS0328,SYM00047,Moderate,49
MAP01602,DIS0329,SYM00039,Strong,70
MAP01603,DIS0329,SYM00040,Strong,61
MAP01604,DIS0329,SYM00041,Strong,91
MAP01605,DIS0329,SYM00088,Moderate,30
MAP01606,DIS0330,SYM00017,Strong,60
MAP01607,DIS0330,SYM00016,Strong,60
MAP01608,DIS0330,SYM00060,Strong,71
MAP01609,DIS0330,SYM00083,Moderate,30
MAP01610,DIS0331,SYM00018,Strong,78
MAP01611,DIS0331,SYM00098,Strong,86
MAP01612,DIS0331,SYM00009,Strong,90
MAP01613,DIS0331,SYM00078,Moderate,33
MAP01614,DIS0332,SYM00016,Strong,73
MAP01615,DIS0332,SYM00083,Strong,69
MAP01616,DIS0332,SYM00017,Strong,77
MAP01617,DIS0333,SYM00100,Strong,93
MAP01618,DIS0333,SYM00102,Strong,88
MAP01619,DIS0333,SYM00004,Strong,86
MAP01620,DIS0333,SYM00066,Moderate,40
MAP01621,DIS0333,SYM00005,Moderate,36
MAP01622,DIS0334,SYM00006,Strong,62
MAP01623,DIS0334,SYM00026,Strong,71
MAP01624,DIS0334,SYM00005,Strong,91
MAP01625,DIS0334,SYM00002,Moderate,30
MAP01626,DIS0334,SYM00027,Moderate,44
MAP01627,DIS0334,SYM00004,Moderate,47
MAP01628,DIS0335,SYM00053,Strong,86
MAP01629,DIS0335,SYM00031,Strong,60
MAP01630,DIS0335,SYM00052,Strong,95
MAP01631,DIS0335,SYM00097,Moderate,40
MAP01632,DIS0335,SYM00048,Moderate,37
MAP01633,DIS0336,SYM00005,Strong,67
MAP01634,DIS0336,SYM00036,Strong,93
MAP01635,DIS0336,SYM00001,Strong,66
MAP01636,DIS0336,SYM00028,Moderate,48
MAP01637,DIS0337,SYM00016,Strong,94
MAP01638,DIS0337,SYM00001,Strong,92
MAP01639,DIS0337,SYM00002,Strong,74
MAP01640,DIS0337,SYM00006,Moderate,54
MAP01641,DIS0337,SYM00074,Moderate,38
MAP01642,DIS0337,SYM00076,Moderate,42
MAP01643,DIS0338,SYM00054,Strong,63
MAP01644,DIS0338,SYM00094,Strong,72
MAP01645,DIS0338,SYM00097,Strong,67
MAP01646,DIS0338,SYM00096,Moderate,34
MAP01647,DIS0338,SYM00098,Moderate,55
MAP01648,DIS0339,SYM00029,Strong,91
MAP01649,DIS0339,SYM00014,Strong,71
MAP01650,DIS0339,SYM00073,Strong,70
MAP01651,DIS0339,SYM00097,Moderate,27
MAP01652,DIS0340,SYM00038,Strong,63
MAP01653,DIS0340,SYM00039,Strong,83
MAP01654,DIS0340,SYM00020,Strong,78
MAP01655,DIS0340,SYM00004,Moderate,38
MAP01656,DIS0340,SYM00024,Moderate,52
MAP01657,DIS0341,SYM00001,Strong,76
MAP01658,DIS0341,SYM00003,Strong,81
MAP01659,DIS0341,SYM00015,Strong,89
MAP01660,DIS0341,SYM00014,Moderate,27
MAP01661,DIS0341,SYM00016,Moderate,31
MAP01662,DIS0341,SYM00046,Moderate,28
MAP01663,DIS0341,SYM00009,Moderate,59
MAP01664,DIS0342,SYM00055,Strong,71
MAP01665,DIS0342,SYM00031,Strong,70
MAP01666,DIS0342,SYM00099,Strong,61
MAP01667,DIS0342,SYM00056,Moderate,56
MAP01668,DIS0342,SYM00053,Moderate,57
MAP01669,DIS0343,SYM00038,Strong,67
MAP01670,DIS0343,SYM00039,Strong,64
MAP01671,DIS0343,SYM00004,Strong,75
MAP01672,DIS0343,SYM00024,Moderate,53
MAP01673,DIS0343,SYM00092,Moderate,45
MAP01674,DIS0344,SYM00001,Strong,86
MAP01675,DIS0344,SYM00003,Strong,72
MAP01676,DIS0344,SYM00015,Strong,80
MAP01677,DIS0344,SYM00014,Moderate,39
MAP01678,DIS0344,SYM00016,Moderate,32
MAP01679,DIS0344,SYM00046,Moderate,45
MAP01680,DIS0344,SYM00009,Moderate,39
MAP01681,DIS0345,SYM00100,Strong,66
MAP01682,DIS0345,SYM00101,Strong,75
MAP01683,DIS0345,SYM00008,Strong,86
MAP01684,DIS0345,SYM00020,Moderate,37
MAP01685,DIS0345,SYM00007,Moderate,49
MAP01686,DIS0346,SYM00043,Strong,74
MAP01687,DIS0346,SYM00004,Strong,64
MAP01688,DIS0346,SYM00033,Strong,90
MAP01689,DIS0346,SYM00084,Moderate,56
MAP01690,DIS0346,SYM00031,Moderate,28
MAP01691,DIS0347,SYM00095,Strong,87
MAP01692,DIS0347,SYM00096,Strong,69
MAP01693,DIS0347,SYM00034,Strong,73
MAP01694,DIS0347,SYM00031,Moderate,54
MAP01695,DIS0347,SYM00098,Moderate,36
MAP01696,DIS0347,SYM00097,Moderate,49
MAP01697,DIS0348,SYM00003,Strong,83
MAP01698,DIS0348,SYM00018,Strong,68
MAP01699,DIS0348,SYM00024,Strong,89
MAP01700,DIS0348,SYM00008,Moderate,37
MAP01701,DIS0348,SYM00007,Moderate,47
MAP01702,DIS0349,SYM00013,Strong,77
MAP01703,DIS0349,SYM00041,Strong,72
MAP01704,DIS0349,SYM00040,Strong,81
MAP01705,DIS0349,SYM00009,Moderate,33
MAP01706,DIS0349,SYM00029,Moderate,27
MAP01707,DIS0350,SYM00024,Strong,63
MAP01708,DIS0350,SYM00003,Strong,77
MAP01709,DIS0350,SYM00009,Strong,68
MAP01710,DIS0350,SYM00074,Moderate,32
MAP01711,DIS0351,SYM00005,Strong,89
MAP01712,DIS0351,SYM00036,Strong,89
MAP01713,DIS0351,SYM00001,Strong,86
MAP01714,DIS0351,SYM00028,Moderate,35
MAP01715,DIS0352,SYM00095,Strong,81
MAP01716,DIS0352,SYM00096,Strong,74
MAP01717,DIS0352,SYM00034,Strong,78
MAP01718,DIS0352,SYM00031,Moderate,35
MAP01719,DIS0352,SYM00098,Moderate,35
MAP01720,DIS0352,SYM00097,Moderate,39
MAP01721,DIS0353,SYM00013,Strong,65
MAP01722,DIS0353,SYM00009,Strong,86
MAP01723,DIS0353,SYM00010,Strong,93
MAP01724,DIS0353,SYM00043,Moderate,56
MAP01725,DIS0353,SYM00062,Moderate,38
MAP01726,DIS0354,SYM00016,Strong,90
MAP01727,DIS0354,SYM00017,Strong,89
MAP01728,DIS0354,SYM00060,Strong,77
MAP01729,DIS0354,SYM00015,Moderate,25
MAP01730,DIS0354,SYM00083,Moderate,52
MAP01731,DIS0355,SYM00100,Strong,75
MAP01732,DIS0355,SYM00101,Strong,75
MAP01733,DIS0355,SYM00008,Strong,80
MAP01734,DIS0355,SYM00020,Moderate,52
MAP01735,DIS0355,SYM00007,Moderate,39
MAP01736,DIS0356,SYM00004,Strong,69
MAP01737,DIS0356,SYM00001,Strong,60
MAP01738,DIS0356,SYM00084,Strong,86
MAP01739,DIS0356,SYM00020,Moderate,27
MAP01740,DIS0356,SYM00028,Moderate,27
MAP01741,DIS0356,SYM00085,Moderate,55
MAP01742,DIS0357,SYM00084,Strong,92
MAP01743,DIS0357,SYM00046,Strong,62
MAP01744,DIS0357,SYM00041,Strong,87
MAP01745,DIS0357,SYM00004,Moderate,58
MAP01746,DIS0358,SYM00100,Strong,85
MAP01747,DIS0358,SYM00101,Strong,90
MAP01748,DIS0358,SYM00085,Strong,66
MAP01749,DIS0358,SYM00020,Moderate,53
MAP01750,DIS0358,SYM00001,Moderate,56
MAP01751,DIS0358,SYM00004,Moderate,40
MAP01752,DIS0359,SYM00015,Strong,65
MAP01753,DIS0359,SYM00073,Strong,95
MAP01754,DIS0359,SYM00033,Strong,60
MAP01755,DIS0359,SYM00094,Moderate,51
MAP01756,DIS0360,SYM00066,Strong,73
MAP01757,DIS0360,SYM00007,Strong,68
MAP01758,DIS0360,SYM00102,Strong,82
MAP01759,DIS0360,SYM00002,Moderate,43
MAP01760,DIS0360,SYM00065,Moderate,40
MAP01761,DIS0361,SYM00095,Strong,65
MAP01762,DIS0361,SYM00096,Strong,61
MAP01763,DIS0361,SYM00034,Strong,90
MAP01764,DIS0361,SYM00031,Moderate,44
MAP01765,DIS0361,SYM00098,Moderate,35
MAP01766,DIS0361,SYM00097,Moderate,54
MAP01767,DIS0362,SYM00024,Strong,61
MAP01768,DIS0362,SYM00003,Strong,89
MAP01769,DIS0362,SYM00009,Strong,89
MAP01770,DIS0362,SYM00074,Moderate,33
MAP01771,DIS0363,SYM00001,Strong,85
MAP01772,DIS0363,SYM00013,Strong,71
MAP01773,DIS0363,SYM00003,Strong,83
MAP01774,DIS0363,SYM00020,Moderate,54
MAP01775,DIS0363,SYM00012,Moderate,25
MAP01776,DIS0363,SYM00004,Moderate,29
MAP01777,DIS0364,SYM00043,Strong,84
MAP01778,DIS0364,SYM00004,Strong,81
MAP01779,DIS0364,SYM00009,Strong,93
MAP01780,DIS0364,SYM00013,Moderate,27
MAP01781,DIS0364,SYM00019,Moderate,43
MAP01782,DIS0365,SYM00055,Strong,87
MAP01783,DIS0365,SYM00031,Strong,77
MAP01784,DIS0365,SYM00099,Strong,94
MAP01785,DIS0365,SYM00056,Moderate,38
MAP01786,DIS0365,SYM00053,Moderate,30
MAP01787,DIS0366,SYM00034,Strong,81
MAP01788,DIS0366,SYM00035,Strong,63
MAP01789,DIS0366,SYM00094,Strong,92
MAP01790,DIS0366,SYM00024,Moderate,48
MAP01791,DIS0366,SYM00098,Moderate,28
MAP01792,DIS0367,SYM00024,Strong,67
MAP01793,DIS0367,SYM00077,Strong,84
MAP01794,DIS0367,SYM00076,Strong,83
MAP01795,DIS0368,SYM00004,Strong,89
MAP01796,DIS0368,SYM00021,Strong,62
MAP01797,DIS0368,SYM00057,Strong,83
MAP01798,DIS0368,SYM00060,Moderate,48
MAP01799,DIS0368,SYM00058,Moderate,36
MAP01800,DIS0368,SYM00051,Moderate,29
MAP01801,DIS0369,SYM00013,Strong,95
MAP01802,DIS0369,SYM00009,Strong,73
MAP01803,DIS0369,SYM00010,Strong,68
MAP01804,DIS0369,SYM00001,Moderate,46
MAP01805,DIS0369,SYM00019,Moderate,40
MAP01806,DIS0370,SYM00003,Strong,94
MAP01807,DIS0370,SYM00076,Strong,67
MAP01808,DIS0370,SYM00009,Strong,90
MAP01809,DIS0370,SYM00024,Moderate,38
MAP01810,DIS0370,SYM00018,Moderate,39
MAP01811,DIS0371,SYM00083,Strong,80
MAP01812,DIS0371,SYM00004,Strong,82
MAP01813,DIS0371,SYM00017,Strong,77
MAP01814,DIS0371,SYM00092,Moderate,57
MAP01815,DIS0372,SYM00016,Strong,87
MAP01816,DIS0372,SYM00017,Strong,77
MAP01817,DIS0372,SYM00001,Strong,63
MAP01818,DIS0372,SYM00004,Moderate,29
MAP01819,DIS0372,SYM00019,Moderate,48
MAP01820,DIS0373,SYM00008,Strong,82
MAP01821,DIS0373,SYM00007,Strong,88
MAP01822,DIS0373,SYM00004,Strong,91
MAP01823,DIS0373,SYM00032,Moderate,57
MAP01824,DIS0373,SYM00057,Moderate,58
MAP01825,DIS0374,SYM00040,Strong,67
MAP01826,DIS0374,SYM00039,Strong,90
MAP01827,DIS0374,SYM00013,Strong,94
MAP01828,DIS0374,SYM00041,Moderate,59
MAP01829,DIS0374,SYM00001,Moderate,43
MAP01830,DIS0375,SYM00011,Strong,88
MAP01831,DIS0375,SYM00010,Strong,83
MAP01832,DIS0375,SYM00004,Strong,64
MAP01833,DIS0375,SYM00004,Moderate,37
MAP01834,DIS0375,SYM00067,Moderate,54
MAP01835,DIS0376,SYM00042,Strong,65
MAP01836,DIS0376,SYM00013,Strong,65
MAP01837,DIS0376,SYM00020,Strong,85
MAP01838,DIS0376,SYM00004,Moderate,36
MAP01839,DIS0376,SYM00062,Moderate,43
MAP01840,DIS0377,SYM00043,Strong,64
MAP01841,DIS0377,SYM00004,Strong,66
MAP01842,DIS0377,SYM00013,Strong,70
MAP01843,DIS0377,SYM00015,Moderate,42
MAP01844,DIS0377,SYM00004,Moderate,32
MAP01845,DIS0378,SYM00083,Strong,69
MAP01846,DIS0378,SYM00004,Strong,91
MAP01847,DIS0378,SYM00017,Strong,69
MAP01848,DIS0378,SYM00092,Moderate,38
MAP01849,DIS0379,SYM00004,Strong,93
MAP01850,DIS0379,SYM00033,Strong,61
MAP01851,DIS0379,SYM00039,Strong,78
MAP01852,DIS0379,SYM00019,Moderate,51
MAP01853,DIS0379,SYM00031,Moderate,59
MAP01854,DIS0380,SYM00074,Strong,68
MAP01855,DIS0380,SYM00017,Strong,90
MAP01856,DIS0380,SYM00075,Strong,82
MAP01857,DIS0380,SYM00076,Moderate,51
MAP01858,DIS0381,SYM00016,Strong,88
MAP01859,DIS0381,SYM00017,Strong,61
MAP01860,DIS0381,SYM00033,Strong,78
MAP01861,DIS0382,SYM00038,Strong,72
MAP01862,DIS0382,SYM00039,Strong,64
MAP01863,DIS0382,SYM00004,Strong,61
MAP01864,DIS0382,SYM00024,Moderate,39
MAP01865,DIS0382,SYM00092,Moderate,58
MAP01866,DIS0383,SYM00039,Strong,81
MAP01867,DIS0383,SYM00040,Strong,86
MAP01868,DIS0383,SYM00041,Strong,81
MAP01869,DIS0383,SYM00088,Moderate,45
MAP01870,DIS0384,SYM00016,Strong,91
MAP01871,DIS0384,SYM00017,Strong,93
MAP01872,DIS0384,SYM00001,Strong,95
MAP01873,DIS0384,SYM00004,Moderate,53
MAP01874,DIS0384,SYM00019,Moderate,54
MAP01875,DIS0385,SYM00074,Strong,79
MAP01876,DIS0385,SYM00017,Strong,68
MAP01877,DIS0385,SYM00075,Strong,79
MAP01878,DIS0385,SYM00076,Moderate,35
MAP01879,DIS0386,SYM00024,Strong,76
MAP01880,DIS0386,SYM00003,Strong,74
MAP01881,DIS0386,SYM00009,Strong,90
MAP01882,DIS0386,SYM00074,Moderate,48
MAP01883,DIS0387,SYM00001,Strong,78
MAP01884,DIS0387,SYM00002,Strong,63
MAP01885,DIS0387,SYM00080,Strong,69
MAP01886,DIS0387,SYM00081,Moderate,47
MAP01887,DIS0387,SYM00004,Moderate,43
MAP01888,DIS0387,SYM00007,Moderate,54
MAP01889,DIS0387,SYM00005,Moderate,35
MAP01890,DIS0388,SYM00013,Strong,70
MAP01891,DIS0388,SYM00011,Strong,94
MAP01892,DIS0388,SYM00020,Strong,78
MAP01893,DIS0388,SYM00004,Moderate,36
MAP01894,DIS0388,SYM00042,Moderate,36
MAP01895,DIS0389,SYM00016,Strong,69
MAP01896,DIS0389,SYM00033,Strong,70
MAP01897,DIS0389,SYM00065,Strong,75
MAP01898,DIS0389,SYM00009,Moderate,32
MAP01899,DIS0389,SYM00010,Moderate,27
MAP01900,DIS0390,SYM00095,Strong,80
MAP01901,DIS0390,SYM00034,Strong,68
MAP01902,DIS0390,SYM00036,Strong,88
MAP01903,DIS0390,SYM00025,Moderate,41
MAP01904,DIS0391,SYM00013,Strong,83
MAP01905,DIS0391,SYM00009,Strong,71
MAP01906,DIS0391,SYM00010,Strong,73
MAP01907,DIS0391,SYM00001,Moderate,27
MAP01908,DIS0391,SYM00019,Moderate,45
MAP01909,DIS0392,SYM00038,Strong,82
MAP01910,DIS0392,SYM00039,Strong,69
MAP01911,DIS0392,SYM00004,Strong,83
MAP01912,DIS0392,SYM00024,Moderate,53
MAP01913,DIS0392,SYM00092,Moderate,59
MAP01914,DIS0393,SYM00013,Strong,70
MAP01915,DIS0393,SYM00062,Strong,94
MAP01916,DIS0393,SYM00011,Strong,79
MAP01917,DIS0393,SYM00012,Moderate,32
MAP01918,DIS0393,SYM00063,Moderate,26
MAP01919,DIS0394,SYM00015,Strong,85
MAP01920,DIS0394,SYM00033,Strong,91
MAP01921,DIS0394,SYM00004,Strong,69
MAP01922,DIS0394,SYM00004,Moderate,54
MAP01923,DIS0395,SYM00066,Strong,80
MAP01924,DIS0395,SYM00007,Strong,69
MAP01925,DIS0395,SYM00102,Strong,60
MAP01926,DIS0395,SYM00002,Moderate,59
MAP01927,DIS0395,SYM00065,Moderate,57
MAP01928,DIS0396,SYM00024,Strong,81
MAP01929,DIS0396,SYM00003,Strong,78
MAP01930,DIS0396,SYM00009,Strong,90
MAP01931,DIS0396,SYM00074,Moderate,43
MAP01932,DIS0397,SYM00054,Strong,69
MAP01933,DIS0397,SYM00094,Strong,88
MAP01934,DIS0397,SYM00097,Strong,81
MAP01935,DIS0397,SYM00096,Moderate,32
MAP01936,DIS0397,SYM00098,Moderate,55
MAP01937,DIS0398,SYM00013,Strong,62
MAP01938,DIS0398,SYM00009,Strong,68
MAP01939,DIS0398,SYM00010,Strong,95
MAP01940,DIS0398,SYM00001,Moderate,32
MAP01941,DIS0398,SYM00067,Moderate,44
MAP01942,DIS0399,SYM00001,Strong,61
MAP01943,DIS0399,SYM00013,Strong,85
MAP01944,DIS0399,SYM00003,Strong,74
MAP01945,DIS0399,SYM00020,Moderate,53
MAP01946,DIS0399,SYM00012,Moderate,47
MAP01947,DIS0399,SYM00004,Moderate,30
MAP01948,DIS0400,SYM00043,Strong,80
MAP01949,DIS0400,SYM00004,Strong,63
MAP01950,DIS0400,SYM00013,Strong,72
MAP01951,DIS0400,SYM00015,Moderate,58
MAP01952,DIS0400,SYM00004,Moderate,39
MAP01953,DIS0401,SYM00095,Strong,77
MAP01954,DIS0401,SYM00034,Strong,72
MAP01955,DIS0401,SYM00036,Strong,61
MAP01956,DIS0401,SYM00025,Moderate,30
MAP01957,DIS0402,SYM00050,Strong,94
MAP01958,DIS0402,SYM00048,Strong,88
MAP01959,DIS0402,SYM00067,Strong,65
MAP01960,DIS0402,SYM00014,Moderate,57
MAP01961,DIS0402,SYM00052,Moderate,50
MAP01962,DIS0403,SYM00016,Strong,72
MAP01963,DIS0403,SYM00083,Strong,91
MAP01964,DIS0403,SYM00017,Strong,80
MAP01965,DIS0404,SYM00095,Strong,92
MAP01966,DIS0404,SYM00096,Strong,63
MAP01967,DIS0404,SYM00034,Strong,83
MAP01968,DIS0404,SYM00031,Moderate,50
MAP01969,DIS0404,SYM00098,Moderate,34
MAP01970,DIS0404,SYM00097,Moderate,52
MAP01971,DIS0405,SYM00048,Strong,83
MAP01972,DIS0405,SYM00004,Strong,84
MAP01973,DIS0405,SYM00052,Strong,83
MAP01974,DIS0405,SYM00053,Moderate,25
MAP01975,DIS0406,SYM00005,Strong,78
MAP01976,DIS0406,SYM00036,Strong,82
MAP01977,DIS0406,SYM00001,Strong,82
MAP01978,DIS0406,SYM00028,Moderate,44
MAP01979,DIS0407,SYM00066,Strong,88
MAP01980,DIS0407,SYM00007,Strong,95
MAP01981,DIS0407,SYM00102,Strong,65
MAP01982,DIS0407,SYM00002,Moderate,38
MAP01983,DIS0407,SYM00065,Moderate,53
MAP01984,DIS0408,SYM00013,Strong,86
MAP01985,DIS0408,SYM00042,Strong,88
MAP01986,DIS0408,SYM00011,Strong,78
MAP01987,DIS0408,SYM00020,Moderate,35
MAP01988,DIS0408,SYM00004,Moderate,52
MAP01989,DIS0409,SYM00016,Strong,86
MAP01990,DIS0409,SYM00017,Strong,68
MAP01991,DIS0409,SYM00033,Strong,65
MAP01992,DIS0410,SYM00033,Strong,69
MAP01993,DIS0410,SYM00072,Strong,73
MAP01994,DIS0410,SYM00083,Strong,79
MAP01995,DIS0410,SYM00008,Moderate,55
MAP01996,DIS0411,SYM00095,Strong,93
MAP01997,DIS0411,SYM00096,Strong,81
MAP01998,DIS0411,SYM00034,Strong,64
MAP01999,DIS0411,SYM00031,Moderate,49
MAP02000,DIS0411,SYM00098,Moderate,30
